attack_url,reported_url,target_brand,domain,host
https://paylib-le-paiement-mobile.updatestar.com/es,https://paylib-le-paiement-mobile.updatestar.com/es,Paylib,updatestar.com,Cloudflare
https://band.appindi.com/detail/eu.epicompany.wero.wallet,https://band.appindi.com/detail/eu.epicompany.wero.wallet,Wero,appindi.com,Cloudflare
http://banquecic.ath.cx/wc/KB/dashboard.php?user=true,http://banquecic.ath.cx/wc/KB/dashboard.php?user=true,Wero,ath.cx,Oracle
http://banquecic.ath.cx/wc/EB/security.php?user=true,http://banquecic.ath.cx/wc/EB/security.php?user=true,Wero,ath.cx,Oracle
http://banquecic.ath.cx/wc/BO/assets/includes/functions.php?user=true,http://banquecic.ath.cx/wc/BO/assets/includes/functions.php?user=true,Wero,ath.cx,Oracle
http://banquecic.ath.cx/wc/error.php?user=true,http://banquecic.ath.cx/wc/error.php?user=true,Wero,ath.cx,Oracle
https://qhsyjzgc.com/wp-admin/Recup-validation-paylib/four.html,https://qhsyjzgc.com/wp-admin/Recup-validation-paylib/four.html,Paylib,qhsyjzgc.com,Alibaba Group
https://qhsyjzgc.com/wp-admin/Recup-validation-paylib/five.html,https://qhsyjzgc.com/wp-admin/Recup-validation-paylib/five.html,Paylib,qhsyjzgc.com,Alibaba Group
https://qhsyjzgc.com/wp-admin/Recup-validation-paylib/three.html,https://qhsyjzgc.com/wp-admin/Recup-validation-paylib/three.html,Paylib,qhsyjzgc.com,Alibaba Group
https://qhsyjzgc.com/wp-admin/Recup-validation-paylib/six.html,https://qhsyjzgc.com/wp-admin/Recup-validation-paylib/six.html,Paylib,qhsyjzgc.com,Alibaba Group
https://qhsyjzgc.com/wp-admin/Recup-validation-paylib/two.html,https://qhsyjzgc.com/wp-admin/Recup-validation-paylib/two.html,Paylib,qhsyjzgc.com,Alibaba Group
https://qhsyjzgc.com/wp-admin/Recup-validation-paylib/index.html,https://qhsyjzgc.com/wp-admin/Recup-validation-paylib/index.html,Paylib,qhsyjzgc.com,Alibaba Group
https://fr.apkpac.com/app/fr.paylib.paylib,https://fr.apkpac.com/app/fr.paylib.paylib,European Payments Initiative,apkpac.com,Cloudflare
https://actacmptweroz-110bc8f.ingress-bonde.ewp.live/wp-content/plugins/We-Pay/info.php,https://actacmptweroz-110bc8f.ingress-bonde.ewp.live/wp-content/plugins/We-Pay/info.php,Wero,ewp.live,NameCheap
https://pay11lib01.godaddysites.com/,https://pay11lib01.godaddysites.com/,Paylib,godaddysites.com,Amazon
https://mmsp.onoffapp.net/GJBVPDSJ4AALG2M35IDXHW0K0K.jpg,https://mmsp.onoffapp.net/GJBVPDSJ4AALG2M35IDXHW0K0K.jpg,Paylib,onoffapp.net,Amazon
https://mmsp.onoffapp.net/GJCHQINFIAAIORU3MNPCDAVI2M.jpg,https://mmsp.onoffapp.net/GJCHQINFIAAIORU3MNPCDAVI2M.jpg,Paylib,onoffapp.net,Amazon
https://mmsp.onoffapp.net/GI5EYTCCAAAPCUYAKKN6C7LDT7.jpg,https://mmsp.onoffapp.net/GI5EYTCCAAAPCUYAKKN6C7LDT7.jpg,Paylib,onoffapp.net,Amazon
https://fr.apkpac.com/app/eu.epicompany.wero.wallet,https://fr.apkpac.com/app/eu.epicompany.wero.wallet,European Payments Initiative,apkpac.com,Cloudflare
https://steprimo.com/android/en/app/eu.epicompany.wero.wallet/,https://steprimo.com/android/en/app/eu.epicompany.wero.wallet/,European Payments Initiative,steprimo.com,Cloudflare
https://simplified-monkey-2eccbe.instawp.xyz/wp-admin/Wero/west/recaptcha/wero/py/index.php/wc/AI/dashboard.php?user=true,https://simplified-monkey-2eccbe.instawp.xyz/wp-admin/Wero/west/recaptcha/wero/py/index.php/wc/AI/dashboard.php?user=true,Wero,instawp.xyz,DigitalOcean
https://simplified-monkey-2eccbe.instawp.xyz/wp-admin/Wero/west/recaptcha/wero/py/index.php/wc/AI/mobile-auth.php?user=true,https://simplified-monkey-2eccbe.instawp.xyz/wp-admin/Wero/west/recaptcha/wero/py/index.php/wc/AI/mobile-auth.php?user=true,Wero,instawp.xyz,DigitalOcean
https://simplified-monkey-2eccbe.instawp.xyz/wp-admin/Wero/west/recaptcha/wero/py/index.php/wc/BO/assets/includes/functions.php?user=true,https://simplified-monkey-2eccbe.instawp.xyz/wp-admin/Wero/west/recaptcha/wero/py/index.php/wc/BO/assets/includes/functions.php?user=true,Wero,instawp.xyz,DigitalOcean
https://simplified-monkey-2eccbe.instawp.xyz/wp-admin/Wero/west/recaptcha/wero/py/index.php/wc/PT/authorize.php?user=true,https://simplified-monkey-2eccbe.instawp.xyz/wp-admin/Wero/west/recaptcha/wero/py/index.php/wc/PT/authorize.php?user=true,Wero,instawp.xyz,DigitalOcean
https://simplified-monkey-2eccbe.instawp.xyz/wp-admin/Wero/west/recaptcha/wero/py/index.php/wc/BO/pin-error.php?user=true,https://simplified-monkey-2eccbe.instawp.xyz/wp-admin/Wero/west/recaptcha/wero/py/index.php/wc/BO/pin-error.php?user=true,Wero,instawp.xyz,DigitalOcean
https://simplified-monkey-2eccbe.instawp.xyz/wp-admin/Wero/west/recaptcha/wero/py/index.php/wc/AV/ark/mobile-dashboard.php?user=true,https://simplified-monkey-2eccbe.instawp.xyz/wp-admin/Wero/west/recaptcha/wero/py/index.php/wc/AV/ark/mobile-dashboard.php?user=true,Wero,instawp.xyz,DigitalOcean
https://simplified-monkey-2eccbe.instawp.xyz/wp-admin/Wero/west/recaptcha/wero/py/index.php/wc/error.php?user=true,https://simplified-monkey-2eccbe.instawp.xyz/wp-admin/Wero/west/recaptcha/wero/py/index.php/wc/error.php?user=true,Wero,instawp.xyz,DigitalOcean
https://simplified-monkey-2eccbe.instawp.xyz/wp-admin/Wero/west/recaptcha/wero/py/index.php/wc/EB/auth.php?user=true,https://simplified-monkey-2eccbe.instawp.xyz/wp-admin/Wero/west/recaptcha/wero/py/index.php/wc/EB/auth.php?user=true,Wero,instawp.xyz,DigitalOcean
https://simplified-monkey-2eccbe.instawp.xyz/wp-admin/Wero/west/recaptcha/wero/py/index.php/wc/AV/ark/dashboard.php?user=true,https://simplified-monkey-2eccbe.instawp.xyz/wp-admin/Wero/west/recaptcha/wero/py/index.php/wc/AV/ark/dashboard.php?user=true,Wero,instawp.xyz,DigitalOcean
https://simplified-monkey-2eccbe.instawp.xyz/wp-admin/Wero/west/recaptcha/wero/py/index.php/wc/KB/dashboard.php?user=true,https://simplified-monkey-2eccbe.instawp.xyz/wp-admin/Wero/west/recaptcha/wero/py/index.php/wc/KB/dashboard.php?user=true,Wero,instawp.xyz,DigitalOcean
https://simplified-monkey-2eccbe.instawp.xyz/wp-admin/Wero/west/recaptcha/wero/py/index.php/wc/dashboard.php?user=true,https://simplified-monkey-2eccbe.instawp.xyz/wp-admin/Wero/west/recaptcha/wero/py/index.php/wc/dashboard.php?user=true,Wero,instawp.xyz,DigitalOcean
https://simplified-monkey-2eccbe.instawp.xyz/wp-admin/Wero/west/recaptcha/wero/py/index.php/wc/EB/security.php?user=true,https://simplified-monkey-2eccbe.instawp.xyz/wp-admin/Wero/west/recaptcha/wero/py/index.php/wc/EB/security.php?user=true,Wero,instawp.xyz,DigitalOcean
https://simplified-monkey-2eccbe.instawp.xyz/wp-admin/Wero/west/recaptcha/wero/py/index.php/wc/PT/security.php?user=true,https://simplified-monkey-2eccbe.instawp.xyz/wp-admin/Wero/west/recaptcha/wero/py/index.php/wc/PT/security.php?user=true,Wero,instawp.xyz,DigitalOcean
https://simplified-monkey-2eccbe.instawp.xyz/wp-admin/Wero/west/recaptcha/wero/py/index.php/wc/UL/security.php?user=true,https://simplified-monkey-2eccbe.instawp.xyz/wp-admin/Wero/west/recaptcha/wero/py/index.php/wc/UL/security.php?user=true,Wero,instawp.xyz,DigitalOcean
https://simplified-monkey-2eccbe.instawp.xyz/wp-admin/Wero/west/recaptcha/wero/py/index.php/wc/ark/dashboard.php?user=true,https://simplified-monkey-2eccbe.instawp.xyz/wp-admin/Wero/west/recaptcha/wero/py/index.php/wc/ark/dashboard.php?user=true,Wero,instawp.xyz,DigitalOcean
https://simplified-monkey-2eccbe.instawp.xyz/wp-admin/Wero/west/recaptcha/wero/py/index.php/wc/KB/login-error.php?user=true,https://simplified-monkey-2eccbe.instawp.xyz/wp-admin/Wero/west/recaptcha/wero/py/index.php/wc/KB/login-error.php?user=true,Wero,instawp.xyz,DigitalOcean
https://simplified-monkey-2eccbe.instawp.xyz/wp-admin/Wero/west/recaptcha/wero/py/index.php/wc/VL/ark/mobile-dashboard.php?user=true,https://simplified-monkey-2eccbe.instawp.xyz/wp-admin/Wero/west/recaptcha/wero/py/index.php/wc/VL/ark/mobile-dashboard.php?user=true,Wero,instawp.xyz,DigitalOcean
https://simplified-monkey-2eccbe.instawp.xyz/wp-admin/Wero/west/recaptcha/wero/py/index.php/wc/VL/ark/logout.php?user=true,https://simplified-monkey-2eccbe.instawp.xyz/wp-admin/Wero/west/recaptcha/wero/py/index.php/wc/VL/ark/logout.php?user=true,Wero,instawp.xyz,DigitalOcean
https://simplified-monkey-2eccbe.instawp.xyz/wp-admin/Wero/west/recaptcha/wero/py/index.php/wc/ark/logout.php?user=true,https://simplified-monkey-2eccbe.instawp.xyz/wp-admin/Wero/west/recaptcha/wero/py/index.php/wc/ark/logout.php?user=true,Wero,instawp.xyz,DigitalOcean
https://app.apkpac.com/app/be.payconiq.go/versions,https://app.apkpac.com/app/be.payconiq.go/versions,European Payments Initiative,apkpac.com,Cloudflare
https://paylibconfirmation4.godaddysites.com/,https://paylibconfirmation4.godaddysites.com/,Paylib,godaddysites.com,Amazon
https://t.me/PaylibxxxBot,https://t.me/PaylibxxxBot,Paylib,t.me,Google
https://weroportefeuilleelectronique.godaddysites.com/,https://weroportefeuilleelectronique.godaddysites.com/,Wero,godaddysites.com,Amazon
https://https-we-instant-weroviro.godaddysites.com/,https://https-we-instant-weroviro.godaddysites.com/,Wero,godaddysites.com,Amazon
https://recupwero-verife.godaddysites.com/,https://recupwero-verife.godaddysites.com/,Wero,godaddysites.com,Amazon
http://site-laxajqqd1.godaddysites.com/,http://site-laxajqqd1.godaddysites.com/,Wero,godaddysites.com,Amazon
https://site-laxajqqd1.godaddysites.com/,https://site-laxajqqd1.godaddysites.com/,Wero,godaddysites.com,Amazon
https://wero979.godaddysites.com/,https://wero979.godaddysites.com/,Wero,godaddysites.com,Amazon
https://servicepaylibfrance24h6.godaddysites.com/,https://servicepaylibfrance24h6.godaddysites.com/,Paylib,godaddysites.com,Amazon
https://servicewero.godaddysites.com/?_app_id=,https://servicewero.godaddysites.com/?_app_id=,Wero,godaddysites.com,Amazon
https://walletrecup-confirmwero-1115d2c.ingress-erytho.ewp.live/wp-content/plugins/wero/py/index.php,https://walletrecup-confirmwero-1115d2c.ingress-erytho.ewp.live/wp-content/plugins/wero/py/index.php,Wero,ewp.live,NameCheap
https://serviceweroinfos.godaddysites.com/,https://serviceweroinfos.godaddysites.com/,Wero,godaddysites.com,Amazon
https://https-vir-instant-virenligne.godaddysites.com/,https://https-vir-instant-virenligne.godaddysites.com/,Wero,godaddysites.com,Amazon
https://uk.apkpac.com/app/be.payconiq.go,https://uk.apkpac.com/app/be.payconiq.go,European Payments Initiative,apkpac.com,Cloudflare
https://www.pinterest.co.uk/paylibcontrolesecurite,https://www.pinterest.co.uk/paylibcontrolesecurite,Paylib,pinterest.co.uk,Akamai Technologies
https://taxiricciardi.it/wero_wallet-activation/,https://taxiricciardi.it/wero_wallet-activation//,Wero,taxiricciardi.it,virtualsolution.net
http://wero979.godaddysites.com/,http://wero979.godaddysites.com/,Wero,godaddysites.com,Amazon
https://youtube.com/%40epicompany_eu,https://youtube.com/@epicompany_eu,European Payments Initiative,youtube.com,Google
http://servpaylib.godaddysites.com/,http://servpaylib.godaddysites.com/,Paylib,godaddysites.com,Amazon
http://recupererwerofr.godaddysites.com/,http://recupererwerofr.godaddysites.com/,Wero,godaddysites.com,Amazon
https://fr-confirm-wero-instantvir.godaddysites.com/,https://fr-confirm-wero-instantvir.godaddysites.com/,Wero,godaddysites.com,Amazon
http://paylibconfirmation4.godaddysites.com/,http://paylibconfirmation4.godaddysites.com/,Paylib,godaddysites.com,Amazon
https://paylibconfirmation4.godaddysites.com/bienvenue,https://paylibconfirmation4.godaddysites.com/bienvenue,Paylib,godaddysites.com,Amazon
https://manygoodapps.com/detail/fr-paylib-paylib.html,https://manygoodapps.com/detail/fr-paylib-paylib.html,Paylib,manygoodapps.com,Cloudflare
https://daroid.com/AMP/appdetail-fr-paylib-paylib.html?srsltid=AfmBOoo9cApHSmhrHFXBRM2PS4ABvVzfUqQ7o3vXk7j1kaUsNSu6k3ej,https://daroid.com/AMP/appdetail-fr-paylib-paylib.html?srsltid=AfmBOoo9cApHSmhrHFXBRM2PS4ABvVzfUqQ7o3vXk7j1kaUsNSu6k3ej,Paylib,daroid.com,Cloudflare
https://www.cognitoforms.com/paylib2023/luttercontrelafraudeenligne,https://www.cognitoforms.com/paylib2023/luttercontrelafraudeenligne,Paylib,cognitoforms.com,Microsoft Corporation
http://cognitoforms.com/recup2/paylib,http://cognitoforms.com/recup2/paylib,Paylib,cognitoforms.com,Microsoft Corporation
https://respondto.forms.app/serveurpaylibeu/recup-paylib-fr,https://respondto.forms.app/serveurpaylibeu/recup-paylib-fr,Paylib,forms.app,Google
https://respondto.forms.app/clientpaylibservice0336/untitled-form,https://respondto.forms.app/clientpaylibservice0336/untitled-form,Paylib,forms.app,Google
https://dstdskn3.forms.app/,https://dstdskn3.forms.app/,Paylib,forms.app,Cloudflare
https://quyl3utp.forms.app/paylib?fbclid=IwY2xjawFwkqZleHRuA2FlbQIxMAABHQRxf8IpEUTLL2wdljhCG4QwvqVoIuOm7cVHzOHW4SEn-fo0e2fAd4nlag_aem_r3fjjJwJ37i-TgfN-sSSqw,https://quyl3utp.forms.app/paylib?fbclid=IwY2xjawFwkqZleHRuA2FlbQIxMAABHQRxf8IpEUTLL2wdljhCG4QwvqVoIuOm7cVHzOHW4SEn-fo0e2fAd4nlag_aem_r3fjjJwJ37i-TgfN-sSSqw,Paylib,forms.app,Cloudflare
https://paylibrecupsecurise.godaddysites.com/,https://paylibrecupsecurise.godaddysites.com/,Paylib,godaddysites.com,Amazon
http://paylibrecupsecurise.godaddysites.com/,http://paylibrecupsecurise.godaddysites.com/,Paylib,godaddysites.com,Amazon
https://forms.app/clientpaylibservice0336/untitled-form,https://forms.app/clientpaylibservice0336/untitled-form,Paylib,forms.app,Google
https://paylibfrancefr8.godaddysites.com/,https://paylibfrancefr8.godaddysites.com/,Paylib,godaddysites.com,Amazon
http://pay11lib01.godaddysites.com/,http://pay11lib01.godaddysites.com/,Paylib,godaddysites.com,Amazon
https://57k01qfh.forms.app/servicepaylibfr,https://57k01qfh.forms.app/servicepaylibfr,Paylib,forms.app,Cloudflare
https://recupererwerofr.godaddysites.com/,https://recupererwerofr.godaddysites.com/,Wero,godaddysites.com,Amazon
https://www.pinterest.co.uk/wero160295,https://www.pinterest.co.uk/wero160295,Wero,pinterest.co.uk,Akamai Technologies
http://https-vir-instant-virenligne.godaddysites.com/,http://https-vir-instant-virenligne.godaddysites.com/,Wero,godaddysites.com,Amazon
https://servpaylib.godaddysites.com/,https://servpaylib.godaddysites.com/,Paylib,godaddysites.com,Amazon
https://teckno.it/wero-accepte-paiement-9/,https://teckno.it/wero-accepte-paiement-9/,Wero,teckno.it,Aruba
https://teckno.it/wero-accepte-paiement-9/index.html,https://teckno.it/wero-accepte-paiement-9/index.html,Wero,teckno.it,Aruba
https://www.allofapps.com/fr/app?app=fr.paylib.paylib,https://www.allofapps.com/fr/app?app=fr.paylib.paylib,European Payments Initiative,allofapps.com,Cloudflare
https://simplified-monkey-2eccbe.instawp.xyz/wp-admin/Wero/west/recaptcha/wero/py/index.php,https://simplified-monkey-2eccbe.instawp.xyz/wp-admin/Wero/west/recaptcha/wero/py/index.php,Wero,instawp.xyz,DigitalOcean
https://simplified-monkey-2eccbe.instawp.xyz/wp-admin/Wero/west/recaptcha/wero/py/index.php/wc/lgn.php?user=true,https://simplified-monkey-2eccbe.instawp.xyz/wp-admin/Wero/west/recaptcha/wero/py/index.php/wc/lgn.php?user=true,Wero,instawp.xyz,DigitalOcean
https://simplified-monkey-2eccbe.instawp.xyz/wp-admin/Wero/west/recaptcha/wero/py/index.php/index.php,https://simplified-monkey-2eccbe.instawp.xyz/wp-admin/Wero/west/recaptcha/wero/py/index.php/index.php,Wero,instawp.xyz,DigitalOcean
https://wero-walletpaiement.haids.fr/login.php,https://wero-walletpaiement.haids.fr/login.php,Wero,haids.fr,United Internet
https://wero-walletpaiement.haids.fr/load.php,https://wero-walletpaiement.haids.fr/load.php,Wero,haids.fr,United Internet
https://gorajtantra.live/wero/py/index.php,https://gorajtantra.live/wero/py/index.php,Wero,gorajtantra.live,GoDaddy
http://banquecic.ath.cx/wc/KB/login-error.php?user=true,http://banquecic.ath.cx/wc/KB/login-error.php?user=true,Wero,ath.cx,Oracle
http://banquecic.ath.cx/wc/PT/authorize.php?user=true,http://banquecic.ath.cx/wc/PT/authorize.php?user=true,Wero,ath.cx,Oracle
http://banquecic.ath.cx/index.php,http://banquecic.ath.cx/index.php,Wero,ath.cx,Oracle
http://banquecic.ath.cx/,http://banquecic.ath.cx/,Wero,ath.cx,Oracle
http://banquecic.ath.cx/wc/lgn.php?user=true,http://banquecic.ath.cx/wc/lgn.php?user=true,Wero,ath.cx,Oracle
https://paylib-netflix.info/,https://paylib-netflix.info/,Paylib,paylib-netflix.info,nybula.com
https://paylib-netflix.info/py/,https://paylib-netflix.info/py/,Paylib,paylib-netflix.info,nybula.com
https://paylib-netflix.info/py/index.php?&sessionid=0829cae11a0754621e6e2f9a82445246&securessl=true,https://paylib-netflix.info/py/index.php?&sessionid=0829cae11a0754621e6e2f9a82445246&securessl=true,Paylib,paylib-netflix.info,nybula.com
http://paylib-netflix.info/,http://paylib-netflix.info/,Paylib,paylib-netflix.info,nybula.com
https://r2bkav.n0c.world/ke/,https://r2bkav.n0c.world/ke/,Wero,n0c.world,PlanetHoster
https://recupaypaf.ractivr.fr/index.php/iban,https://recupaypaf.ractivr.fr/index.php/iban,Paylib,ractivr.fr,United Internet
https://recupaypaf.ractivr.fr/index.php/cc,https://recupaypaf.ractivr.fr/index.php/cc,Paylib,ractivr.fr,United Internet
https://recupaypaf.ractivr.fr/iban,https://recupaypaf.ractivr.fr/iban,Paylib,ractivr.fr,United Internet
https://recupaypaf.ractivr.fr/banque,https://recupaypaf.ractivr.fr/banque,Paylib,ractivr.fr,United Internet
https://recupaypaf.ractivr.fr/cc,https://recupaypaf.ractivr.fr/cc,Paylib,ractivr.fr,United Internet
https://recupaypaf.ractivr.fr/index.php/banque,https://recupaypaf.ractivr.fr/index.php/banque,Paylib,ractivr.fr,United Internet
http://recuperermonwero.godaddysites.com/,http://recuperermonwero.godaddysites.com/,Wero,godaddysites.com,Amazon
https://recuperermonwero.godaddysites.com/,https://recuperermonwero.godaddysites.com/,Wero,godaddysites.com,Amazon
https://site-rvlm2l7tw.godaddysites.com/,https://site-rvlm2l7tw.godaddysites.com/,Wero,godaddysites.com,Amazon
https://ulsgcj00.forms.app/transfert-mobile-wero-fr,https://ulsgcj00.forms.app/transfert-mobile-wero-fr,Wero,forms.app,Cloudflare
https://o-bon-choix.fr/info.php,https://o-bon-choix.fr/info.php,Wero,o-bon-choix.fr,United Internet
https://bestofapps.com/en-sg/apps/payconiq-by-bancotact,https://bestofapps.com/en-sg/apps/payconiq-by-bancotact,Payconiq International,bestofapps.com,Cloudflare
https://recupaypaf.ractivr.fr/index.php,https://recupaypaf.ractivr.fr/index.php,Paylib,ractivr.fr,United Internet
https://recupaypaf.ractivr.fr/,https://recupaypaf.ractivr.fr/,Paylib,ractivr.fr,United Internet
http://recupaypaf.ractivr.fr/,http://recupaypaf.ractivr.fr/,Paylib,ractivr.fr,United Internet
https://wero-5.jimdosite.com/,https://wero-5.jimdosite.com/,Paylib,jimdosite.com,Cloudflare
https://0q4icaej9td3m27bvsgnpxkl8h5fow1r6uh1190.pages.dev/,https://0q4icaej9td3m27bvsgnpxkl8h5fow1r6uh1190.pages.dev/,Paylib,pages.dev,Cloudflare
https://paylibservicefr.godaddysites.com/,https://paylibservicefr.godaddysites.com/,Paylib,godaddysites.com,Amazon
http://paylibservicefr.godaddysites.com/,http://paylibservicefr.godaddysites.com/,Paylib,godaddysites.com,Amazon
https://vixrimex.ioxwrhh.fr/py/2index.php,https://vixrimex.ioxwrhh.fr/py/2index.php,Wero,ioxwrhh.fr,United Internet
https://vixrimex.ioxwrhh.fr/py/index1.php,https://vixrimex.ioxwrhh.fr/py/index1.php,Wero,ioxwrhh.fr,United Internet
https://wero-paylib-creditss-pay-euwer.jimdofree.com/,https://wero-paylib-creditss-pay-euwer.jimdofree.com/,Paylib,jimdofree.com,Cloudflare
https://vixrimex.ioxwrhh.fr/py/indec.php,https://vixrimex.ioxwrhh.fr/py/indec.php,Wero,ioxwrhh.fr,United Internet
https://vixrimex.ioxwrhh.fr/py/,https://vixrimex.ioxwrhh.fr/py/,Wero,ioxwrhh.fr,United Internet
https://vixrimex.ioxwrhh.fr/,https://vixrimex.ioxwrhh.fr/,Wero,ioxwrhh.fr,United Internet
https://vixrimex.ioxwrhh.fr/py/index2.php,https://vixrimex.ioxwrhh.fr/py/index2.php,Wero,ioxwrhh.fr,United Internet
https://vixrimex.ioxwrhh.fr/py/index.php?&sessionid=b579562d5072724d95d76bc5844a0c96&securessl=true,https://vixrimex.ioxwrhh.fr/py/index.php?&sessionid=b579562d5072724d95d76bc5844a0c96&securessl=true,Wero,ioxwrhh.fr,United Internet
https://mmsp.onoffapp.net/GI32Z4UIEAALCTAFTFAEJZ3RJC.jpg,https://mmsp.onoffapp.net/GI32Z4UIEAALCTAFTFAEJZ3RJC.jpg,Paylib,onoffapp.net,Amazon
https://asmischools.in/wero_activation/,https://asmischools.in/wero_activation/,Wero,asmischools.in,Cloudflare
https://wal-letwiwero-pay-110bc8f.ingress-haven.ewp.live/wp-content/plugins/wero/py/index.php,https://wal-letwiwero-pay-110bc8f.ingress-haven.ewp.live/wp-content/plugins/wero/py/index.php,Wero,ewp.live,NameCheap
https://virementpractical.mystrikingly.com/,https://virementpractical.mystrikingly.com/,Wero,mystrikingly.com,Amazon
https://voctoc240325.mystrikingly.com/login/403.shtml,https://voctoc240325.mystrikingly.com/login/403.shtml,Wero,mystrikingly.com,Amazon
https://voctoc240325.mystrikingly.com/login/index.html,https://voctoc240325.mystrikingly.com/login/index.html,Wero,mystrikingly.com,Amazon
https://voctoc240325.mystrikingly.com/login/mailer.phtml,https://voctoc240325.mystrikingly.com/login/mailer.phtml,Wero,mystrikingly.com,Amazon
https://voctoc240325.mystrikingly.com/admin/setupp.html,https://voctoc240325.mystrikingly.com/admin/setupp.html,Wero,mystrikingly.com,Amazon
https://voctoc240325.mystrikingly.com/index.html,https://voctoc240325.mystrikingly.com/index.html,Wero,mystrikingly.com,Amazon
https://voctoc240325.mystrikingly.com/admin/index.html,https://voctoc240325.mystrikingly.com/admin/index.html,Wero,mystrikingly.com,Amazon
https://voctoc240325.mystrikingly.com/admin/403.shtml,https://voctoc240325.mystrikingly.com/admin/403.shtml,Wero,mystrikingly.com,Amazon
https://voctoc240325.mystrikingly.com/login/man.phtml,https://voctoc240325.mystrikingly.com/login/man.phtml,Wero,mystrikingly.com,Amazon
https://voctoc240325.mystrikingly.com/admin/man.phtml,https://voctoc240325.mystrikingly.com/admin/man.phtml,Wero,mystrikingly.com,Amazon
https://voctoc240325.mystrikingly.com/admin/mailer.phtml,https://voctoc240325.mystrikingly.com/admin/mailer.phtml,Wero,mystrikingly.com,Amazon
https://voctoc240325.mystrikingly.com/setupp.html,https://voctoc240325.mystrikingly.com/setupp.html,Wero,mystrikingly.com,Amazon
https://voctoc240325.mystrikingly.com/login/setupp.html,https://voctoc240325.mystrikingly.com/login/setupp.html,Wero,mystrikingly.com,Amazon
https://voctoc240325.mystrikingly.com/.tmb35r2a3366,https://voctoc240325.mystrikingly.com/.tmb35r2a3366,Wero,mystrikingly.com,Amazon
https://wirement.xxverx.fr/py/index1.php,https://wirement.xxverx.fr/py/index1.php,Wero,xxverx.fr,United Internet
https://wirement.xxverx.fr/py/index.php,https://wirement.xxverx.fr/py/index.php,Wero,xxverx.fr,United Internet
https://wirement.xxverx.fr/py/,https://wirement.xxverx.fr/py/,Wero,xxverx.fr,United Internet
https://wirement.xxverx.fr/py/indec.php,https://wirement.xxverx.fr/py/indec.php,Wero,xxverx.fr,United Internet
https://n8rub1.n0c.world/ke/,https://n8rub1.n0c.world/ke/,Wero,n0c.world,PlanetHoster
http://ageinfuture.pt/Paylib/pages/paylib-sms.php,http://ageinfuture.pt/Paylib/pages/paylib-sms.php,Paylib,ageinfuture.pt,team.blue
https://ageinfuture.pt/Paylib/,https://ageinfuture.pt/Paylib/,Paylib,ageinfuture.pt,team.blue
https://voctoc240325.mystrikingly.com/,https://voctoc240325.mystrikingly.com/,Wero,mystrikingly.com,Amazon
https://ageinfuture.pt/Paylib/pages/paylib-sms.php,https://ageinfuture.pt/Paylib/pages/paylib-sms.php,Paylib,ageinfuture.pt,team.blue
https://fgdsfdghgj-1099a96.ingress-earth.ewp.live/wp-content/plugins/wer07/pages/wero-sms.php?plb#012d4e89f637d0f4f,https://fgdsfdghgj-1099a96.ingress-earth.ewp.live/wp-content/plugins/wer07/pages/wero-sms.php?plb#012d4e89f637d0f4f,Wero,ewp.live,NameCheap
https://install.appcenter.ms/orgs/bancontact-payconiq-company/apps/payconiq-by-bancontact-1/distribution_groups/wl-acc-pq-ext,https://install.appcenter.ms/orgs/bancontact-payconiq-company/apps/payconiq-by-bancontact-1/distribution_groups/wl-acc-pq-ext,Payconiq International,appcenter.ms,Microsoft Corporation
https://5eq8m9fe.forms.app/transfert-mobile-wero,https://5eq8m9fe.forms.app/transfert-mobile-wero,Wero,forms.app,Cloudflare
https://pinkbearng.com/RECUP/py/index.php,https://pinkbearng.com/RECUP/py/index.php,Wero,pinkbearng.com,NameCheap
https://u.to/3NU_Ig,https://u.to/3NU_Ig,Wero,u.to,uCoz Web Services
https://wyigkx.n0c.world/ke/,https://wyigkx.n0c.world/ke/,Wero,n0c.world,PlanetHoster
https://palevioletred-wolf-alpegnpw0nuxl4va.builder-preview.com/,https://palevioletred-wolf-alpegnpw0nuxl4va.builder-preview.com/,Wero,builder-preview.com,Google
https://rebrand.ly/eu-wero-pay-wero-crdits-pay,https://rebrand.ly/eu-wero-pay-wero-crdits-pay,Wero,rebrand.ly,Amazon
https://viremerh.sxxvrimx.fr/py/index1.php,https://viremerh.sxxvrimx.fr/py/index1.php,Wero,sxxvrimx.fr,United Internet
https://viremerh.sxxvrimx.fr/py/indec.php,https://viremerh.sxxvrimx.fr/py/indec.php,Wero,sxxvrimx.fr,United Internet
https://viremerh.sxxvrimx.fr/py/index.php?&sessionid=146eba3390e07465a9f0fe179720c05f&securessl=true,https://viremerh.sxxvrimx.fr/py/index.php?&sessionid=146eba3390e07465a9f0fe179720c05f&securessl=true,Wero,sxxvrimx.fr,United Internet
https://viremerh.sxxvrimx.fr/py/,https://viremerh.sxxvrimx.fr/py/,Wero,sxxvrimx.fr,United Internet
https://viremerh.sxxvrimx.fr/,https://viremerh.sxxvrimx.fr/,Wero,sxxvrimx.fr,United Internet
https://weroservicefrance.wixsite.com/france,https://weroservicefrance.wixsite.com/france,Wero,wixsite.com,Google
https://dpcpcie-10f9797.ingress-haven.ewp.live/wp-content/plugins/PODRCWO/NOVOWO/BOWOFOXO/index.php,https://dpcpcie-10f9797.ingress-haven.ewp.live/wp-content/plugins/PODRCWO/NOVOWO/BOWOFOXO/index.php,Wero,ewp.live,NameCheap
https://weroservicefrance.wixsite.com/france/banque-en-ligne,https://weroservicefrance.wixsite.com/france/banque-en-ligne,Wero,wixsite.com,Google
https://did.li/cs2CN,https://did.li/cs2CN,Wero,did.li,Amazon
https://www.cognitoforms.com/RECUP2/PAYLIB,https://www.cognitoforms.com/RECUP2/PAYLIB,Paylib,cognitoforms.com,Microsoft Corporation
https://www.cognitoforms.com/PaylibPaylib/VousRecevrezLappelDunConseillerClientAfinDeFinalis%C3%A9LeProtocoleDeS%C3%A9curit%C3%A9,https://www.cognitoforms.com/PaylibPaylib/VousRecevrezLappelDunConseillerClientAfinDeFinalis%C3%A9LeProtocoleDeS%C3%A9curit%C3%A9,Paylib,cognitoforms.com,Microsoft Corporation
https://www.cognitoforms.com/RECUP10/PAYLIB?fbclid=IwY2xjawEYKwRleHRuA2FlbQIxMAABHXNDXkTtCCjEtt3sc48MzzzG0VRRSqQX9x-Zso__VpbTwKI4UbG5Rs709A_aem_7oKRkMxMw0feqbPws-AStA,https://www.cognitoforms.com/RECUP10/PAYLIB?fbclid=IwY2xjawEYKwRleHRuA2FlbQIxMAABHXNDXkTtCCjEtt3sc48MzzzG0VRRSqQX9x-Zso__VpbTwKI4UbG5Rs709A_aem_7oKRkMxMw0feqbPws-AStA,Paylib,cognitoforms.com,Microsoft Corporation
https://www.cognitoforms.com/RECUP1/PAYLIB,https://www.cognitoforms.com/RECUP1/PAYLIB,Paylib,cognitoforms.com,Microsoft Corporation
http://cognitoforms.com/login,http://cognitoforms.com/login,Paylib,cognitoforms.com,Microsoft Corporation
http://cognitoforms.com/recup1/paylib,http://cognitoforms.com/recup1/paylib,Paylib,cognitoforms.com,Microsoft Corporation
http://paylibfrancefr8.godaddysites.com/,http://paylibfrancefr8.godaddysites.com/,Paylib,godaddysites.com,Amazon
https://wero-sms-confirmation.mystrikingly.com/.tmb35r2a3366,https://wero-sms-confirmation.mystrikingly.com/.tmb35r2a3366,Wero,mystrikingly.com,Amazon
https://wero-sms-confirmation.mystrikingly.com/,https://wero-sms-confirmation.mystrikingly.com/,Wero,mystrikingly.com,Amazon
https://www.facebook.com/profile.php?id=61575291794831,https://www.facebook.com/profile.php?id=61575291794831,Payconiq International,facebook.com,Facebook
https://wero-recupfr.godaddysites.com/,https://wero-recupfr.godaddysites.com/,Wero,godaddysites.com,Amazon
https://activationwer.refsecu.fr/py/,https://activationwer.refsecu.fr/py/,Wero,refsecu.fr,United Internet
https://activationwer.refsecu.fr/py/index1.php,https://activationwer.refsecu.fr/py/index1.php,Wero,refsecu.fr,United Internet
https://activationwer.refsecu.fr/py/2index.php,https://activationwer.refsecu.fr/py/2index.php,Wero,refsecu.fr,United Internet
https://activationwer.refsecu.fr/py/index.php,https://activationwer.refsecu.fr/py/index.php,Wero,refsecu.fr,United Internet
https://activationwer.refsecu.fr/py/indec.php,https://activationwer.refsecu.fr/py/indec.php,Wero,refsecu.fr,United Internet
https://pai-ementbcc.fr/info.php,https://pai-ementbcc.fr/info.php,Wero,pai-ementbcc.fr,United Internet
https://recup-monwero0.godaddysites.com/,https://recup-monwero0.godaddysites.com/,Wero,godaddysites.com,Amazon
http://recup-monwero0.godaddysites.com/,http://recup-monwero0.godaddysites.com/,Wero,godaddysites.com,Amazon
https://wero56.godaddysites.com/,https://wero56.godaddysites.com/,Wero,godaddysites.com,Amazon
https://slhttpsv-instwero.godaddysites.com/,https://slhttpsv-instwero.godaddysites.com/,Wero,godaddysites.com,Amazon
https://www.pinterest.co.uk/tayfour9999,https://www.pinterest.co.uk/tayfour9999,Wero,pinterest.co.uk,Fastly
https://www.pinterest.co.uk/sabritarikamayo,https://www.pinterest.co.uk/sabritarikamayo,Wero,pinterest.co.uk,Fastly
https://www.heybabeetoy.com/wp-includes/wero/py/index.php,https://www.heybabeetoy.com/wp-includes/wero/py/index.php,Wero,heybabeetoy.com,RackNerd
https://viremenwer.viwaxxx.fr/,https://viremenwer.viwaxxx.fr/,Wero,viwaxxx.fr,United Internet
https://viremenwer.viwaxxx.fr/py/index1.php,https://viremenwer.viwaxxx.fr/py/index1.php,Wero,viwaxxx.fr,United Internet
https://viremenwer.viwaxxx.fr/py/index.php?&sessionid=3c13fdebfd0fc889c25ee54d43d87823&securessl=true,https://viremenwer.viwaxxx.fr/py/index.php?&sessionid=3c13fdebfd0fc889c25ee54d43d87823&securessl=true,Wero,viwaxxx.fr,United Internet
https://viremenwer.viwaxxx.fr/py/,https://viremenwer.viwaxxx.fr/py/,Wero,viwaxxx.fr,United Internet
https://905nup.n0c.world/g/,https://905nup.n0c.world/g/,Wero,n0c.world,PlanetHoster
https://ibnmbq.n0c.world/p/,https://ibnmbq.n0c.world/p/,Wero,n0c.world,PlanetHoster
https://hpwerx.acysmh.fr/py/index.php?&sessionid=02675b9f443e712fd895e91e4339f6ff&securessl=true,https://hpwerx.acysmh.fr/py/index.php?&sessionid=02675b9f443e712fd895e91e4339f6ff&securessl=true,Wero,acysmh.fr,United Internet
https://hpwerx.acysmh.fr/py/,https://hpwerx.acysmh.fr/py/,Wero,acysmh.fr,United Internet
https://hpwerx.acysmh.fr/py/2index.php,https://hpwerx.acysmh.fr/py/2index.php,Wero,acysmh.fr,United Internet
https://hpwerx.acysmh.fr/py/index1.php,https://hpwerx.acysmh.fr/py/index1.php,Wero,acysmh.fr,United Internet
https://hpwerx.acysmh.fr/,https://hpwerx.acysmh.fr/,Wero,acysmh.fr,United Internet
https://hpwerx.acysmh.fr/py/indec.php,https://hpwerx.acysmh.fr/py/indec.php,Wero,acysmh.fr,United Internet
https://recupsw.fr/wero/py/index.php,https://recupsw.fr/wero/py/index.php,Wero,recupsw.fr,Alexhost
https://plum-antelope-yrdwa69eoehewnln.builder-preview.com/,https://plum-antelope-yrdwa69eoehewnln.builder-preview.com/,Wero,builder-preview.com,Google
https://weroportefeuille.sywrtth.fr/py/indec.php,https://weroportefeuille.sywrtth.fr/py/indec.php,Wero,sywrtth.fr,United Internet
https://weroportefeuille.sywrtth.fr/py/index1.php,https://weroportefeuille.sywrtth.fr/py/index1.php,Wero,sywrtth.fr,United Internet
https://weroportefeuille.sywrtth.fr/,https://weroportefeuille.sywrtth.fr/,Wero,sywrtth.fr,United Internet
https://weroportefeuille.sywrtth.fr/py/index.php?&sessionid=5401c5838c0a41257e3f124cd7927915&securessl=true,https://weroportefeuille.sywrtth.fr/py/index.php?&sessionid=5401c5838c0a41257e3f124cd7927915&securessl=true,Wero,sywrtth.fr,United Internet
https://weroportefeuille.sywrtth.fr/py/2index.php,https://weroportefeuille.sywrtth.fr/py/2index.php,Wero,sywrtth.fr,United Internet
https://weroportefeuille.sywrtth.fr/py/,https://weroportefeuille.sywrtth.fr/py/,Wero,sywrtth.fr,United Internet
https://rebrand.ly/wero-pay-wero-Credits-spaiements-wero,https://rebrand.ly/wero-pay-wero-Credits-spaiements-wero,Wero,rebrand.ly,Amazon
https://u.to/VJQ3Ig,https://u.to/VJQ3Ig,Wero,u.to,uCoz Web Services
https://pinkbearng.com/recuw/py/index.php,https://pinkbearng.com/recuw/py/index.php,Wero,pinkbearng.com,NameCheap
https://hteebt.n0c.world/k/,https://hteebt.n0c.world/k/,Wero,n0c.world,PlanetHoster
https://paywervire.com/py/2index.php,https://paywervire.com/py/2index.php,Wero,paywervire.com,United Internet
https://sqzly.co/evOneDd,https://sqzly.co/evOneDd,Wero,sqzly.co,Contabo
http://sqzly.co/evOneDd,http://sqzly.co/evOneDd,Wero,sqzly.co,Contabo
https://c.paywervire.com/py/,https://c.paywervire.com/py/,Wero,paywervire.com,United Internet
https://paywervire.com/py/index1.php,https://paywervire.com/py/index1.php,Wero,paywervire.com,United Internet
https://paywervire.com/py/indec.php,https://paywervire.com/py/indec.php,Wero,paywervire.com,United Internet
https://c.paywervire.com/py/indec.php,https://c.paywervire.com/py/indec.php,Wero,paywervire.com,United Internet
https://c.paywervire.com/py/2index.php,https://c.paywervire.com/py/2index.php,Wero,paywervire.com,United Internet
https://paywervire.com/,https://paywervire.com/,Wero,paywervire.com,United Internet
https://paywervire.com/py/,https://paywervire.com/py/,Wero,paywervire.com,United Internet
https://c.paywervire.com/py/index.php,https://c.paywervire.com/py/index.php,Wero,paywervire.com,United Internet
https://paywervire.com/py/index.php?&sessionid=56f478b9410e1bd94754974f7f3bf969&securessl=true,https://paywervire.com/py/index.php?&sessionid=56f478b9410e1bd94754974f7f3bf969&securessl=true,Wero,paywervire.com,United Internet
https://c.paywervire.com/py/index1.php,https://c.paywervire.com/py/index1.php,Wero,paywervire.com,United Internet
https://servicewero24hfrance.godaddysites.com/,https://servicewero24hfrance.godaddysites.com/,Wero,godaddysites.com,Amazon
https://servicewerowallet.wixsite.com/wero-france,https://servicewerowallet.wixsite.com/wero-france,Wero,wixsite.com,Google
https://link.infini.fr/8BcdC8W3,https://link.infini.fr/8BcdC8W3,Wero,infini.fr,xankom.fr
https://pammnts-1013647.ingress-earth.ewp.live/wp-content/plugins/wero%20v1.0%2020-02-2025/pages/wero-sms.php?plb,https://pammnts-1013647.ingress-earth.ewp.live/wp-content/plugins/wero%20v1.0%2020-02-2025/pages/wero-sms.php?plb,Wero,ewp.live,NameCheap
https://hwem.symwh.fr/py/indec.php,https://hwem.symwh.fr/py/indec.php,Wero,symwh.fr,United Internet
https://hwem.symwh.fr/py/index.php,https://hwem.symwh.fr/py/index.php,Wero,symwh.fr,United Internet
https://hwem.symwh.fr/py/index1.php,https://hwem.symwh.fr/py/index1.php,Wero,symwh.fr,United Internet
https://hwem.symwh.fr/py/,https://hwem.symwh.fr/py/,Wero,symwh.fr,United Internet
https://hwem.symwh.fr/py/2index.php,https://hwem.symwh.fr/py/2index.php,Wero,symwh.fr,United Internet
https://wathver.sywamt.fr/py/,https://wathver.sywamt.fr/py/,Wero,sywamt.fr,United Internet
https://wathver.sywamt.fr/py/index.php?&sessionid=c2c5858c5e167df400cef75254baa22c&securessl=true,https://wathver.sywamt.fr/py/index.php?&sessionid=c2c5858c5e167df400cef75254baa22c&securessl=true,Wero,sywamt.fr,United Internet
https://wathver.sywamt.fr/,https://wathver.sywamt.fr/,Wero,sywamt.fr,United Internet
https://weropay59.godaddysites.com/,https://weropay59.godaddysites.com/,Wero,godaddysites.com,Amazon
https://auth-transf-wer-ro.weebly.com/,https://auth-transf-wer-ro.weebly.com/,Wero,weebly.com,Weebly
http://auth-transf-wer-ro.weebly.com/,http://auth-transf-wer-ro.weebly.com/,Wero,weebly.com,Weebly
https://239jev.n0c.world/z/,https://239jev.n0c.world/z/,Wero,n0c.world,PlanetHoster
https://recevoirwer.syactivf.fr/py/2index.php,https://recevoirwer.syactivf.fr/py/2index.php,Wero,syactivf.fr,United Internet
https://recevoirwer.syactivf.fr/py/indec.php,https://recevoirwer.syactivf.fr/py/indec.php,Wero,syactivf.fr,United Internet
https://recevoirwer.syactivf.fr/py/index2.php,https://recevoirwer.syactivf.fr/py/index2.php,Wero,syactivf.fr,United Internet
https://recevoirwer.syactivf.fr/py/index1.php,https://recevoirwer.syactivf.fr/py/index1.php,Wero,syactivf.fr,United Internet
https://recevoirwer.syactivf.fr/py/index.php,https://recevoirwer.syactivf.fr/py/index.php,Wero,syactivf.fr,United Internet
https://recevoirwer.syactivf.fr/py/,https://recevoirwer.syactivf.fr/py/,Wero,syactivf.fr,United Internet
https://tranwro.acwerh.com/,https://tranwro.acwerh.com/,Wero,acwerh.com,United Internet
https://tranwro.acwerh.com/py/,https://tranwro.acwerh.com/py/,Wero,acwerh.com,United Internet
https://tranwro.acwerh.com/py/index.php?&sessionid=02675b9f443e712fd895e91e4339f6ff&securessl=true,https://tranwro.acwerh.com/py/index.php?&sessionid=02675b9f443e712fd895e91e4339f6ff&securessl=true,Wero,acwerh.com,United Internet
https://vexxx.virwerxx.fr/py/index.php?&sessionid=c2c5858c5e167df400cef75254baa22c&securessl=true,https://vexxx.virwerxx.fr/py/index.php?&sessionid=c2c5858c5e167df400cef75254baa22c&securessl=true,Wero,virwerxx.fr,United Internet
https://vexxx.virwerxx.fr/py/.index.php,https://vexxx.virwerxx.fr/py/.index.php,Wero,virwerxx.fr,United Internet
https://vexxx.virwerxx.fr/py/,https://vexxx.virwerxx.fr/py/,Wero,virwerxx.fr,United Internet
https://vexxx.virwerxx.fr/,https://vexxx.virwerxx.fr/,Wero,virwerxx.fr,United Internet
https://vexxx.virwerxx.fr/py/index2.php,https://vexxx.virwerxx.fr/py/index2.php,Wero,virwerxx.fr,United Internet
https://vexxx.virwerxx.fr/py/index1.php,https://vexxx.virwerxx.fr/py/index1.php,Wero,virwerxx.fr,United Internet
https://vexxx.virwerxx.fr/py/2index.php,https://vexxx.virwerxx.fr/py/2index.php,Wero,virwerxx.fr,United Internet
https://un9fyw.n0c.world/k/,https://un9fyw.n0c.world/k/,Wero,n0c.world,PlanetHoster
https://un9fyw.n0c.world/k/index.html,https://un9fyw.n0c.world/k/index.html,Wero,n0c.world,PlanetHoster
http://werpayvir.fr/py/indec.php,http://werpayvir.fr/py/indec.php,Wero,werpayvir.fr,United Internet
http://werpayvir.fr/py/index1.php,http://werpayvir.fr/py/index1.php,Wero,werpayvir.fr,United Internet
http://werpayvir.fr/py/index2.php,http://werpayvir.fr/py/index2.php,Wero,werpayvir.fr,United Internet
https://werpayvir.fr/py/index.php?&sessionid=2e6831300816f077d5d9053a66b8ff56&securessl=true,https://werpayvir.fr/py/index.php?&sessionid=2e6831300816f077d5d9053a66b8ff56&securessl=true,Wero,werpayvir.fr,United Internet
http://werpayvir.fr/py/index.php?&sessionid=48868b5fc4f56c6d4be7c666c3af5b9e&securessl=true,http://werpayvir.fr/py/index.php?&sessionid=48868b5fc4f56c6d4be7c666c3af5b9e&securessl=true,Wero,werpayvir.fr,United Internet
http://werpayvir.fr/py/,http://werpayvir.fr/py/,Wero,werpayvir.fr,United Internet
http://apk.watch/download?file_id=2981373%2Fbil-digicash,http://apk.watch/download?file_id=2981373/bil-digicash,European Payments Initiative,apk.watch,Ua-hosting.company
http://werpayvir.fr/,http://werpayvir.fr/,Wero,werpayvir.fr,United Internet
https://werpayvir.fr/,https://werpayvir.fr/,Wero,werpayvir.fr,United Internet
https://exchangewallet.eu/wero/py/index.php,https://exchangewallet.eu/wero/py/index.php,Wero,exchangewallet.eu,United Internet
http://inst-wero24h.weebly.com/,http://inst-wero24h.weebly.com/,Wero,weebly.com,Weebly
https://inst-wero24h.weebly.com/,https://inst-wero24h.weebly.com/,Wero,weebly.com,Weebly
https://darkslategrey-frog-yg2jggorzkunwyxb.builder-preview.com/,https://darkslategrey-frog-yg2jggorzkunwyxb.builder-preview.com/,Wero,builder-preview.com,Google
https://env.receppay.com/py/,https://env.receppay.com/py/,Wero,receppay.com,United Internet
https://regiobank.sbs/,https://regiobank.sbs/,iDEAL,regiobank.sbs,3NT Solutions
http://regiobank.sbs/,http://regiobank.sbs/,iDEAL,regiobank.sbs,3NT Solutions
https://receppay.com/py/,https://receppay.com/py/,Wero,receppay.com,United Internet
http://receppay.fr/py/,http://receppay.fr/py/,Wero,receppay.fr,United Internet
http://receppay.fr/py/index.php?&sessionid=6f3e8ed7f50390f0ee6eb1209d0683d0&securessl=true,http://receppay.fr/py/index.php?&sessionid=6f3e8ed7f50390f0ee6eb1209d0683d0&securessl=true,Wero,receppay.fr,United Internet
http://recevoirwer.sa-suv.fr/py/,http://recevoirwer.sa-suv.fr/py/,Wero,sa-suv.fr,United Internet
http://receppay.fr/,http://receppay.fr/,Wero,receppay.fr,United Internet
https://wero-paid-stand.42web.io/,https://wero-paid-stand.42web.io/,Wero,42web.io,iFastNet Internet
https://vwerx.werxx.fr/py/indec.php,https://vwerx.werxx.fr/py/indec.php,Wero,werxx.fr,United Internet
https://vwerx.werxx.fr/py/,https://vwerx.werxx.fr/py/,Wero,werxx.fr,United Internet
https://vwerx.werxx.fr/py/rindex.php,https://vwerx.werxx.fr/py/rindex.php,Wero,werxx.fr,United Internet
https://vwerx.werxx.fr/,https://vwerx.werxx.fr/,Wero,werxx.fr,United Internet
https://vwerx.werxx.fr/py/2index.php,https://vwerx.werxx.fr/py/2index.php,Wero,werxx.fr,United Internet
https://vwerx.werxx.fr/py/.index.php,https://vwerx.werxx.fr/py/.index.php,Wero,werxx.fr,United Internet
https://vwerx.werxx.fr/py/index.php?&sessionid=8e648c5618871f2fb41ef39e834d1d1e&securessl=true,https://vwerx.werxx.fr/py/index.php?&sessionid=8e648c5618871f2fb41ef39e834d1d1e&securessl=true,Wero,werxx.fr,United Internet
https://u.to/yFUxIg,https://u.to/yFUxIg,Wero,u.to,uCoz Web Services
https://regiobank.sbs/pages,https://regiobank.sbs/pages,iDEAL,regiobank.sbs,3NT Solutions
https://virwex.fr/py/index.php?&sessionid=6f3e8ed7f50390f0ee6eb1209d0683d0&securessl=true,https://virwex.fr/py/index.php?&sessionid=6f3e8ed7f50390f0ee6eb1209d0683d0&securessl=true,Wero,virwex.fr,United Internet
http://virwex.fr/py/,http://virwex.fr/py/,Wero,virwex.fr,United Internet
http://virwex.fr/py/index.php?&sessionid=c804194443815de5b28b8cde0d721c6d&securessl=true,http://virwex.fr/py/index.php?&sessionid=c804194443815de5b28b8cde0d721c6d&securessl=true,Wero,virwex.fr,United Internet
http://virwex.fr/,http://virwex.fr/,Wero,virwex.fr,United Internet
http://virwex.fr/py/index1.php,http://virwex.fr/py/index1.php,Wero,virwex.fr,United Internet
https://virwex.fr/,https://virwex.fr/,Wero,virwex.fr,United Internet
https://car.paywerxx.fr/py/index.php,https://car.paywerxx.fr/py/index.php,Wero,paywerxx.fr,United Internet
https://car.paywerxx.fr/py/index1.php,https://car.paywerxx.fr/py/index1.php,Wero,paywerxx.fr,United Internet
https://car.paywerxx.fr/py/,https://car.paywerxx.fr/py/,Wero,paywerxx.fr,United Internet
https://car.paywerxx.fr/py/rindex.php,https://car.paywerxx.fr/py/rindex.php,Wero,paywerxx.fr,United Internet
https://paywerxx.fr/py/rindex.php,https://paywerxx.fr/py/rindex.php,Wero,paywerxx.fr,United Internet
https://paywerxx.fr/py/index1.php,https://paywerxx.fr/py/index1.php,Wero,paywerxx.fr,United Internet
https://car.paywerxx.fr/py/jindex.php,https://car.paywerxx.fr/py/jindex.php,Wero,paywerxx.fr,United Internet
https://paywerxx.fr/py/,https://paywerxx.fr/py/,Wero,paywerxx.fr,United Internet
https://paywerxx.fr/py/index.php?&sessionid=02675b9f443e712fd895e91e4339f6ff&securessl=true,https://paywerxx.fr/py/index.php?&sessionid=02675b9f443e712fd895e91e4339f6ff&securessl=true,Wero,paywerxx.fr,United Internet
https://paywerxx.fr/py/jindex.php,https://paywerxx.fr/py/jindex.php,Wero,paywerxx.fr,United Internet
https://paywerxx.fr/,https://paywerxx.fr/,Wero,paywerxx.fr,United Internet
https://bancontact.bg.aptoide.com/app,https://bancontact.bg.aptoide.com/app,European Payments Initiative,aptoide.com,Amazon
https://chromaticportrait.com/wero/py/index.php,https://chromaticportrait.com/wero/py/index.php,Wero,chromaticportrait.com,o2switch
https://ldoptx-10ba24f.ingress-comporellon.ewp.live/wp-content/plugins/wpofbpgf/ptfouillewrwp/OPONBWA/index.php,https://ldoptx-10ba24f.ingress-comporellon.ewp.live/wp-content/plugins/wpofbpgf/ptfouillewrwp/OPONBWA/index.php,Wero,ewp.live,NameCheap
https://u.to/NsoqIg,https://u.to/NsoqIg,Wero,u.to,uCoz Web Services
mhusted@virginmedia.com,mhusted@virginmedia.com,Payconiq International,virginmedia.com,unified.services
https://slsmwrpc-1028244.ingress-haven.ewp.live/wp-content/plugins/akismet/cvwozp/jkclxco/sospejd/index.php,https://slsmwrpc-1028244.ingress-haven.ewp.live/wp-content/plugins/akismet/cvwozp/jkclxco/sospejd/index.php,Wero,ewp.live,NameCheap
https://weropay6.godaddysites.com/,https://weropay6.godaddysites.com/,Wero,godaddysites.com,Amazon
https://9stkfpwm.forms.app/wero-wallet-eu,https://9stkfpwm.forms.app/wero-wallet-eu,Wero,forms.app,Google
https://wvrovirem.avdhl.com/py/indec.php,https://wvrovirem.avdhl.com/py/indec.php,Wero,avdhl.com,United Internet
https://fjomjf.n0c.world/n/e/,https://fjomjf.n0c.world/n/e/,Wero,n0c.world,PlanetHoster
https://fjomjf.n0c.world/n/e/index.html,https://fjomjf.n0c.world/n/e/index.html,Wero,n0c.world,PlanetHoster
https://wvrovirem.avdhl.com/py/index.php?&sessionid=c2c5858c5e167df400cef75254baa22c&securessl=true,https://wvrovirem.avdhl.com/py/index.php?&sessionid=c2c5858c5e167df400cef75254baa22c&securessl=true,Wero,avdhl.com,United Internet
https://wvrovirem.avdhl.com/py/,https://wvrovirem.avdhl.com/py/,Wero,avdhl.com,United Internet
https://wvrovirem.avdhl.com/py/.index.php,https://wvrovirem.avdhl.com/py/.index.php,Wero,avdhl.com,United Internet
https://wvrovirem.avdhl.com/,https://wvrovirem.avdhl.com/,Wero,avdhl.com,United Internet
https://wvrovirem.avdhl.com/py/jindex.php,https://wvrovirem.avdhl.com/py/jindex.php,Wero,avdhl.com,United Internet
https://wvrovirem.avdhl.com/py/index1.php,https://wvrovirem.avdhl.com/py/index1.php,Wero,avdhl.com,United Internet
https://wvrovirem.avdhl.com/py/2index.php,https://wvrovirem.avdhl.com/py/2index.php,Wero,avdhl.com,United Internet
https://www.pinterest.co.uk/louisecazzoli,https://www.pinterest.co.uk/louisecazzoli,Payconiq International,pinterest.co.uk,Akamai Technologies
https://www.wero-walleteurope.com/,https://www.wero-walleteurope.com/,Wero,wero-walleteurope.com,Google
https://wero-walleteurope.com/,https://wero-walleteurope.com/,Wero,wero-walleteurope.com,WIX
http://wero-walleteurope.com/,http://wero-walleteurope.com/,Wero,wero-walleteurope.com,WIX
http://www.wero-walleteurope.com/,http://www.wero-walleteurope.com/,Wero,wero-walleteurope.com,Google
https://h3yrr1.n0c.world/o/index.html,https://h3yrr1.n0c.world/o/index.html,Wero,n0c.world,PlanetHoster
https://h3yrr1.n0c.world/o/,https://h3yrr1.n0c.world/o/,Wero,n0c.world,PlanetHoster
https://weovrif.savirmen.com/index.php,https://weovrif.savirmen.com/index.php,Wero,savirmen.com,United Internet
https://weovrif.savirmen.com/py/2index.php,https://weovrif.savirmen.com/py/2index.php,Wero,savirmen.com,United Internet
https://weovrif.savirmen.com/py/index.php?&sessionid=7054a20db2c52e55a45822634c8a1fee&securessl=true,https://weovrif.savirmen.com/py/index.php?&sessionid=7054a20db2c52e55a45822634c8a1fee&securessl=true,Wero,savirmen.com,United Internet
https://weovrif.savirmen.com/py/rindex.php,https://weovrif.savirmen.com/py/rindex.php,Wero,savirmen.com,United Internet
https://weovrif.savirmen.com/py/jindex.php,https://weovrif.savirmen.com/py/jindex.php,Wero,savirmen.com,United Internet
https://weovrif.savirmen.com/py/,https://weovrif.savirmen.com/py/,Wero,savirmen.com,United Internet
https://walletweroqr.fr/wero/py/index.php/ipsite%3A217.154.74.117/hostionos,https://walletweroqr.fr/wero/py/index.php/ipsite:217.154.74.117/hostionos,Wero,walletweroqr.fr,United Internet
https://vr.bjqbzx8.za.com/weropay/pages/wero-sms.php?plb,https://vr.bjqbzx8.za.com/weropay/pages/wero-sms.php?plb,Wero,bjqbzx8.za.com,as27176.net
https://vr.bjqbzx8.za.com/weropay/pages/wero-info.php,https://vr.bjqbzx8.za.com/weropay/pages/wero-info.php,Wero,bjqbzx8.za.com,as27176.net
https://vr.bjqbzx8.za.com/weropay/pages/wero-bank1.php,https://vr.bjqbzx8.za.com/weropay/pages/wero-bank1.php,Wero,bjqbzx8.za.com,as27176.net
https://vr.bjqbzx8.za.com/weropay/,https://vr.bjqbzx8.za.com/weropay/,Wero,bjqbzx8.za.com,as27176.net
https://vr.bjqbzx8.za.com/weropay/pages/wero-done.php,https://vr.bjqbzx8.za.com/weropay/pages/wero-done.php,Wero,bjqbzx8.za.com,as27176.net
https://werost.acomptepay.info/c3,https://werost.acomptepay.info/c3,Wero,acomptepay.info,United Internet
https://werost.acomptepay.info/carte,https://werost.acomptepay.info/carte,Wero,acomptepay.info,United Internet
https://werost.acomptepay.info/ac,https://werost.acomptepay.info/ac,Wero,acomptepay.info,United Internet
https://linen-spider-mepxbepzgxc6z1p6.builder-preview.com/etape,https://linen-spider-mepxbepzgxc6z1p6.builder-preview.com/etape,Wero,builder-preview.com,Google
https://whitesmoke-goat-mxbmvwzvpzienpd5.builder-preview.com/,https://whitesmoke-goat-mxbmvwzvpzienpd5.builder-preview.com/,Wero,builder-preview.com,Google
https://weovrif.savirmen.com/py/chargement/chargementtt.php,https://weovrif.savirmen.com/py/chargement/chargementtt.php,Wero,savirmen.com,United Internet
https://weovrif.savirmen.com/jindex.php,https://weovrif.savirmen.com/jindex.php,Wero,savirmen.com,United Internet
https://weovrif.savirmen.com/py/bank.php,https://weovrif.savirmen.com/py/bank.php,Wero,savirmen.com,United Internet
https://weovrif.savirmen.com/.index.php,https://weovrif.savirmen.com/.index.php,Wero,savirmen.com,United Internet
https://weovrif.savirmen.com/rindex.php,https://weovrif.savirmen.com/rindex.php,Wero,savirmen.com,United Internet
https://weovrif.savirmen.com/index1.php,https://weovrif.savirmen.com/index1.php,Wero,savirmen.com,United Internet
https://weovrif.savirmen.com/,https://weovrif.savirmen.com/,Wero,savirmen.com,United Internet
https://neon.ly/crdits-transfertt-wero-wero-pay-wero-pay,https://neon.ly/crdits-transfertt-wero-wero-pay-wero-pay,Wero,neon.ly,Amazon
https://ogn1jq.n0c.world/ew/index.html,https://ogn1jq.n0c.world/ew/index.html,Wero,n0c.world,PlanetHoster
https://ogn1jq.n0c.world/ew/,https://ogn1jq.n0c.world/ew/,Wero,n0c.world,PlanetHoster
https://cfhobc.n0c.world/o/,https://cfhobc.n0c.world/o/,Wero,n0c.world,PlanetHoster
https://ml7vp3.n0c.world/k/,https://ml7vp3.n0c.world/k/,Wero,n0c.world,PlanetHoster
https://servicewerohfrance24h.godaddysites.com/,https://servicewerohfrance24h.godaddysites.com/,Wero,godaddysites.com,Amazon
https://midiasmart.com/wp-admin/ligne/,https://midiasmart.com/wp-admin/ligne/,Wero,midiasmart.com,Newfold Digital
https://www.midiasmart.com.agenciaortiz.com.br/wp-admin/ligne/py/index.php,https://www.midiasmart.com.agenciaortiz.com.br/wp-admin/ligne/py/index.php,Wero,agenciaortiz.com.br,Newfold Digital
https://midiasmart.com/wp-admin/ligne/py/index.php,https://midiasmart.com/wp-admin/ligne/py/index.php,Wero,midiasmart.com,Newfold Digital
https://www.midiasmart.com.agenciaortiz.com.br/wp-admin/ligne/py,https://www.midiasmart.com.agenciaortiz.com.br/wp-admin/ligne/py,Wero,agenciaortiz.com.br,Newfold Digital
https://midiasmart.com/wp-admin/ligne/py,https://midiasmart.com/wp-admin/ligne/py,Wero,midiasmart.com,Newfold Digital
https://lightpink-partridge-azg3q3bjbbt114n0.builder-preview.com/,https://lightpink-partridge-azg3q3bjbbt114n0.builder-preview.com/,Wero,builder-preview.com,Google
https://neon.ly/wero-transfts-wero-pay-credts-paiements,https://neon.ly/wero-transfts-wero-pay-credts-paiements,Wero,neon.ly,Amazon
https://apps-wero.wuaze.com/?i=1,https://apps-wero.wuaze.com/?i=1,Wero,wuaze.com,iFastNet Internet
https://wero-inst.free.nf/?i=3,https://wero-inst.free.nf/?i=3,Wero,free.nf,iFastNet Internet
http://acomwer.transcwer.com/py/index.php?&sessionid=e66cacd8251ff20ce64b85943122c07f&securessl=true,http://acomwer.transcwer.com/py/index.php?&sessionid=e66cacd8251ff20ce64b85943122c07f&securessl=true,Wero,transcwer.com,Hetzner Online
http://acomwer.transcwer.com/py/,http://acomwer.transcwer.com/py/,Wero,transcwer.com,Hetzner Online
http://acomwer.transcwer.com/,http://acomwer.transcwer.com/,Wero,transcwer.com,Hetzner Online
http://servicewero24hfrance55.godaddysites.com/,http://servicewero24hfrance55.godaddysites.com/,Wero,godaddysites.com,Amazon
https://servicewero24hfrance55.godaddysites.com/,https://servicewero24hfrance55.godaddysites.com/,Wero,godaddysites.com,Amazon
https://au.apkpac.com/app/mobi.inthepocket.bcmc.bancontact,https://au.apkpac.com/app/mobi.inthepocket.bcmc.bancontact,European Payments Initiative,apkpac.com,Cloudflare
https://app.apkpac.com/app/mobi.inthepocket.bcmc.bancontact?details=dl,https://app.apkpac.com/app/mobi.inthepocket.bcmc.bancontact?details=dl,European Payments Initiative,apkpac.com,Cloudflare
https://happymod.com/citylife-pro-payconiq-mod/com.thanksys.merchantapp/versions.html,https://happymod.com/citylife-pro-payconiq-mod/com.thanksys.merchantapp/versions.html,European Payments Initiative,happymod.com,Cloudflare
https://floralwhite-toad-azg35zpenkclxg2q.builder-preview.com/,https://floralwhite-toad-azg35zpenkclxg2q.builder-preview.com/,Wero,builder-preview.com,Google
https://creat-wero-synchro-wero.jimdofree.com/,https://creat-wero-synchro-wero.jimdofree.com/,Wero,jimdofree.com,Cloudflare
https://askwertran.com/py/,https://askwertran.com/py/,Wero,askwertran.com,United Internet
https://rntp.online/wero/py/index.php,https://rntp.online/wero/py/index.php,Wero,rntp.online,Unknown
https://wero91.godaddysites.com/,https://wero91.godaddysites.com/,Wero,godaddysites.com,Amazon
http://wero91.godaddysites.com/,http://wero91.godaddysites.com/,Wero,godaddysites.com,Amazon
https://weropay.godaddysites.com/,https://weropay.godaddysites.com/,Wero,godaddysites.com,Amazon
http://servicewero24hfrance0.godaddysites.com/,http://servicewero24hfrance0.godaddysites.com/,Wero,godaddysites.com,Amazon
https://servicewero24hfrance0.godaddysites.com/,https://servicewero24hfrance0.godaddysites.com/,Wero,godaddysites.com,Amazon
https://askwertran.com/py/2index.php,https://askwertran.com/py/2index.php,Wero,askwertran.com,United Internet
https://acom.askwertran.com/py/index.php?&sessionid=0c072e21b626986bae60b540af5cc2ee&securessl=true,https://acom.askwertran.com/py/index.php?&sessionid=0c072e21b626986bae60b540af5cc2ee&securessl=true,Wero,askwertran.com,United Internet
https://acom.askwertran.com/py/2index.php,https://acom.askwertran.com/py/2index.php,Wero,askwertran.com,United Internet
https://acom.askwertran.com/py/,https://acom.askwertran.com/py/,Wero,askwertran.com,United Internet
https://askwertran.com/py/index.php,https://askwertran.com/py/index.php,Wero,askwertran.com,United Internet
https://acom.askwertran.com/,https://acom.askwertran.com/,Wero,askwertran.com,United Internet
http://acom.askwertran.com/,http://acom.askwertran.com/,Wero,askwertran.com,United Internet
https://xioiok5k.forms.app/auth-wero-virement,https://xioiok5k.forms.app/auth-wero-virement,Wero,forms.app,Cloudflare
https://azrr8vln.forms.app/autoriservirwero-wallet,https://azrr8vln.forms.app/autoriservirwero-wallet,Wero,forms.app,Cloudflare
https://ojuc0d5q.forms.app/wero-eu,https://ojuc0d5q.forms.app/wero-eu,Wero,forms.app,Cloudflare
https://bit.ly/4b51YIM,https://bit.ly/4b51YIM,Wero,bit.ly,Bitly
https://recupwero-fr.godaddysites.com/,https://recupwero-fr.godaddysites.com/,Wero,godaddysites.com,Amazon
http://recupwero-fr.godaddysites.com/,http://recupwero-fr.godaddysites.com/,Wero,godaddysites.com,Amazon
https://cart.actwer.fr/py/,https://cart.actwer.fr/py/,Wero,actwer.fr,United Internet
http://sausve.fr/py/index.php?&sessionid=23067fdf44125724f69c1e51fcd79fc0&securessl=true,http://sausve.fr/py/index.php?&sessionid=23067fdf44125724f69c1e51fcd79fc0&securessl=true,Wero,sausve.fr,United Internet
http://sausve.fr/py/,http://sausve.fr/py/,Wero,sausve.fr,United Internet
http://sausve.fr/index.php,http://sausve.fr/index.php,Wero,sausve.fr,United Internet
http://sausve.fr/,http://sausve.fr/,Wero,sausve.fr,United Internet
http://sausve.fr/indec.php,http://sausve.fr/indec.php,Wero,sausve.fr,United Internet
http://sausve.fr/index1.php,http://sausve.fr/index1.php,Wero,sausve.fr,United Internet
http://sausve.fr/2index.php,http://sausve.fr/2index.php,Wero,sausve.fr,United Internet
https://www.valam83noomlocs.mefound.com/,https://www.valam83noomlocs.mefound.com/,Wero,mefound.com,DigitalOcean
http://www.wero-virement.com/,http://www.wero-virement.com/,Wero,wero-virement.com,Google
https://viretransc.asaak.fr/py/,https://viretransc.asaak.fr/py/,Wero,asaak.fr,United Internet
https://bit.ly/4jjIGTG,https://bit.ly/4jjIGTG,Wero,bit.ly,Bitly
https://je-recupere-un-wero-mv024nlj6vhkqvye.builder-preview.com/,https://je-recupere-un-wero-mv024nlj6vhkqvye.builder-preview.com/,Wero,builder-preview.com,Google
http://werh.sauctw.fr/py/,http://werh.sauctw.fr/py/,Wero,sauctw.fr,United Internet
https://viremwe.sauctw.fr/py/index.php?&sessionid=146eba3390e07465a9f0fe179720c05f&securessl=true,https://viremwe.sauctw.fr/py/index.php?&sessionid=146eba3390e07465a9f0fe179720c05f&securessl=true,Wero,sauctw.fr,Unknown
https://neon.ly/wero-wero-s-transferst-paiements-wero,https://neon.ly/wero-wero-s-transferst-paiements-wero,Wero,neon.ly,Amazon
https://neon.ly/wero-credits-pay-wero-paiementss-wero,https://neon.ly/wero-credits-pay-wero-paiementss-wero,Wero,neon.ly,Amazon
https://wero-alp7jxqzmwij44r2.builder-preview.com/,https://wero-alp7jxqzmwij44r2.builder-preview.com/,Wero,builder-preview.com,Google
https://u.to/JxemIQ,https://u.to/JxemIQ,Wero,u.to,uCoz Web Services
https://servicewero24hfrance7.godaddysites.com/,https://servicewero24hfrance7.godaddysites.com/,Wero,godaddysites.com,Amazon
http://treawesor.online/werofro/,http://treawesor.online/werofro/,Wero,treawesor.online,Host4Geeks
https://treawesor.online/werofro/pages/wero-sms.php?plb,https://treawesor.online/werofro/pages/wero-sms.php?plb,Wero,treawesor.online,Host4Geeks
http://treawesor.online/werofro/pages/wero-sms.php?plb,http://treawesor.online/werofro/pages/wero-sms.php?plb,Wero,treawesor.online,Host4Geeks
https://ghayt-1028244.ingress-comporellon.ewp.live/wp-content/plugins/ro25NA/Azinewro/wcpamp/index.php,https://ghayt-1028244.ingress-comporellon.ewp.live/wp-content/plugins/ro25NA/Azinewro/wcpamp/index.php,Wero,ewp.live,NameCheap
http://bit.ly/4alDf2t,http://bit.ly/4alDf2t,Wero,bit.ly,Bitly
https://bit.ly/4j7OTSj,https://bit.ly/4j7OTSj,Wero,bit.ly,Bitly
https://zi6jln.n0c.world/j,https://zi6jln.n0c.world/j,Wero,n0c.world,PlanetHoster
https://u.to/fmvRIQ,https://u.to/fmvRIQ,Wero,u.to,uCoz Web Services
https://onlinebetaalplatform.biz/,https://onlinebetaalplatform.biz/,iDEAL,onlinebetaalplatform.biz,ASLINE
https://we-virment-act.werisd.fr/,https://we-virment-act.werisd.fr/,Wero,werisd.fr,United Internet
https://we-virment-act.werisd.fr/py/index.php?&sessionid=22918342c4fe2f7d1b1c96ca7ae01d99&securessl=true,https://we-virment-act.werisd.fr/py/index.php?&sessionid=22918342c4fe2f7d1b1c96ca7ae01d99&securessl=true,Wero,werisd.fr,United Internet
http://onlinebetaalplatform.biz/,http://onlinebetaalplatform.biz/,iDEAL,onlinebetaalplatform.biz,ASLINE
https://vm9tgc.n0c.world/we/,https://vm9tgc.n0c.world/we/,Wero,n0c.world,PlanetHoster
https://onlinebetaalplatform.biz/pages,https://onlinebetaalplatform.biz/pages,iDEAL,onlinebetaalplatform.biz,ASLINE
https://rpwdo-1028244.ingress-baronn.ewp.live/wp-content/plugins/rwro2025/shg/rcpy/,https://rpwdo-1028244.ingress-baronn.ewp.live/wp-content/plugins/rwro2025/shg/rcpy/,Wero,ewp.live,NameCheap
http://rpwdo-1028244.ingress-baronn.ewp.live/wp-content/plugins/rwro2025/shg/rcpy/,http://rpwdo-1028244.ingress-baronn.ewp.live/wp-content/plugins/rwro2025/shg/rcpy/,Wero,ewp.live,NameCheap
https://b.recepaywe.com/,https://b.recepaywe.com/,Wero,recepaywe.com,United Internet
https://b.recepaywe.com/py/indexx.php,https://b.recepaywe.com/py/indexx.php,Wero,recepaywe.com,United Internet
https://b.recepaywe.com/py/index.php?&sessionid=02295e59422db96c5bea09fa40da85a6&securessl=true,https://b.recepaywe.com/py/index.php?&sessionid=02295e59422db96c5bea09fa40da85a6&securessl=true,Wero,recepaywe.com,United Internet
https://b.recepaywe.com/py/indec.php,https://b.recepaywe.com/py/indec.php,Wero,recepaywe.com,United Internet
https://b.recepaywe.com/py/index1.php,https://b.recepaywe.com/py/index1.php,Wero,recepaywe.com,United Internet
https://apk.cafe/download?file_id=2681268%2Fbil-digicash,https://apk.cafe/download?file_id=2681268/bil-digicash,European Payments Initiative,apk.cafe,Ua-hosting.company
https://jljheg.n0c.world/w,https://jljheg.n0c.world/w,Wero,n0c.world,PlanetHoster
https://my-wero-recuperation-reqs.jimdofree.com/,https://my-wero-recuperation-reqs.jimdofree.com/,Wero,jimdofree.com,Amazon
https://verpaiement.uzfr.fr/,https://verpaiement.uzfr.fr/,Wero,uzfr.fr,United Internet
https://verpaiement.uzfr.fr/py/index.php?&sessionid=133987448f605aa514f5bc486290a834&securessl=true,https://verpaiement.uzfr.fr/py/index.php?&sessionid=133987448f605aa514f5bc486290a834&securessl=true,Wero,uzfr.fr,United Internet
https://bil-digicash.en.aptoide.com/app,https://bil-digicash.en.aptoide.com/app,European Payments Initiative,aptoide.com,Amazon
https://post-payconiq.softonic.ru/android,https://post-payconiq.softonic.ru/android,European Payments Initiative,softonic.ru,Fastly
https://payconiq-bgl-bnp-paribas.softonic.ru/android,https://payconiq-bgl-bnp-paribas.softonic.ru/android,European Payments Initiative,softonic.ru,Fastly
http://bil-digicash.apk.watch/7.3.5,http://bil-digicash.apk.watch/7.3.5,European Payments Initiative,apk.watch,Ua-hosting.company
+33644681770,+33644681770,Wero,,Onoff telecom
https://milanokiko.site/payconiq-belgie/?payid=80097342%3Fpaymentid%3D14170286,https://milanokiko.site/payconiq-belgie/?payid=80097342?paymentid=14170286,Payconiq International,milanokiko.site,hosttoname.com
http://milanokiko.site/payconiq-belgie/?payid=80097342%3Fpaymentid%3D14170286,http://milanokiko.site/payconiq-belgie/?payid=80097342?paymentid=14170286,Payconiq International,milanokiko.site,hosttoname.com
https://actvtionwero.jdefvi.fr/py/index2.php,https://actvtionwero.jdefvi.fr/py/index2.php,Wero,jdefvi.fr,United Internet
https://actvtionwero.jdefvi.fr/py/imdex.php,https://actvtionwero.jdefvi.fr/py/imdex.php,Wero,jdefvi.fr,United Internet
https://actvtionwero.jdefvi.fr/py/indec.php,https://actvtionwero.jdefvi.fr/py/indec.php,Wero,jdefvi.fr,United Internet
https://actvtionwero.jdefvi.fr/py/2index.php,https://actvtionwero.jdefvi.fr/py/2index.php,Wero,jdefvi.fr,United Internet
https://actvtionwero.jdefvi.fr/,https://actvtionwero.jdefvi.fr/,Wero,jdefvi.fr,United Internet
https://actvtionwero.jdefvi.fr/py/index.php?&sessionid=23067fdf44125724f69c1e51fcd79fc0&securessl=true,https://actvtionwero.jdefvi.fr/py/index.php?&sessionid=23067fdf44125724f69c1e51fcd79fc0&securessl=true,Wero,jdefvi.fr,United Internet
https://werorecevoir.apaylien.fr/py/index.php?&sessionid=1f9f60fa5a9bbdec4a3d5c076ed9e407&securessl=true,https://werorecevoir.apaylien.fr/py/index.php?&sessionid=1f9f60fa5a9bbdec4a3d5c076ed9e407&securessl=true,Wero,apaylien.fr,United Internet
https://werorecevoir.apaylien.fr/,https://werorecevoir.apaylien.fr/,Wero,apaylien.fr,United Internet
https://bwer.elseza.com/175,https://bwer.elseza.com/175,Wero,elseza.com,United Internet
https://werof.actfiwe.com/,https://werof.actfiwe.com/,Wero,actfiwe.com,team.blue
https://werof.actfiwe.com/py/index.php?&sessionid=198922078fcdbc559c8396432cad6d98&securessl=true,https://werof.actfiwe.com/py/index.php?&sessionid=198922078fcdbc559c8396432cad6d98&securessl=true,Wero,actfiwe.com,team.blue
https://qsdptap.com/,https://qsdptap.com/,Wero,qsdptap.com,United Internet
https://qsdptap.com/py/indec.php,https://qsdptap.com/py/indec.php,Wero,qsdptap.com,United Internet
https://qsdptap.com/py/index.php?&sessionid=3c13fdebfd0fc889c25ee54d43d87823&securessl=true,https://qsdptap.com/py/index.php?&sessionid=3c13fdebfd0fc889c25ee54d43d87823&securessl=true,Wero,qsdptap.com,United Internet
https://onlinebetaalplatform.vip/index.php,https://onlinebetaalplatform.vip/index.php,iDEAL,onlinebetaalplatform.vip,Cloudflare
https://onlinebetaalplatform.vip/,https://onlinebetaalplatform.vip/,iDEAL,onlinebetaalplatform.vip,Cloudflare
https://onlinebetaalplatform.vip/pages,https://onlinebetaalplatform.vip/pages,iDEAL,onlinebetaalplatform.vip,Cloudflare
https://lienbit.com/recup-wro,https://lienbit.com/recup-wro,Wero,lienbit.com,Beget
http://lienbit.com/recup-wro,http://lienbit.com/recup-wro,Wero,lienbit.com,Beget
https://newro.actiwe.fr/py/index.php?&sessionid=133987448f605aa514f5bc486290a834&securessl=true,https://newro.actiwe.fr/py/index.php?&sessionid=133987448f605aa514f5bc486290a834&securessl=true,Wero,actiwe.fr,United Internet
http://newro.actiwe.fr/,http://newro.actiwe.fr/,Wero,actiwe.fr,United Internet
https://newro.actiwe.fr/,https://newro.actiwe.fr/,Wero,actiwe.fr,United Internet
http://newro.actiwe.fr/py/index.php?&sessionid=3c13fdebfd0fc889c25ee54d43d87823&securessl=true,http://newro.actiwe.fr/py/index.php?&sessionid=3c13fdebfd0fc889c25ee54d43d87823&securessl=true,Wero,actiwe.fr,United Internet
https://recup-wero.rf.gd/?i=2,https://recup-wero.rf.gd/?i=2,Wero,rf.gd,iFastNet Internet
http://epi-company.acceptance.51north.dev/,http://epi-company.acceptance.51north.dev/,European Payments Initiative,51north.dev,DigitalOcean
https://drinkwro-f810d2.ingress-bonde.ewp.live/wp-content/plugins/wrorcp24/dkdj87/DUDY58/index.php,https://drinkwro-f810d2.ingress-bonde.ewp.live/wp-content/plugins/wrorcp24/dkdj87/DUDY58/index.php,Wero,ewp.live,NameCheap
https://recupwero.godaddysites.com/,https://recupwero.godaddysites.com/,Wero,godaddysites.com,Amazon
http://recupwero.godaddysites.com/,http://recupwero.godaddysites.com/,Wero,godaddysites.com,Amazon
https://u.to/4fsZIQ,https://u.to/4fsZIQ,Wero,u.to,uCoz Web Services
https://werr1.roxvci.fun/315,https://werr1.roxvci.fun/315,Wero,roxvci.fun,United Internet
https://epi-company.acceptance.51north.dev/,https://epi-company.acceptance.51north.dev/,European Payments Initiative,51north.dev,DigitalOcean
https://fp1nwi.n0c.world/w/,https://fp1nwi.n0c.world/w/,Wero,n0c.world,PlanetHoster
https://netflservc.com/%28%3Bw3r0%3D/,https://netflservc.com/(;w3r0=/,Wero,netflservc.com,Webafrica
https://netflservc.com/%28%3Bw3r0%3D/%28%3Brecevoir-FACTURE90051520041W3R0%3D/index.php,https://netflservc.com/(;w3r0=/(;recevoir-FACTURE90051520041W3R0=/index.php,Wero,netflservc.com,Webafrica
https://netflservc.com/%28%3Bw3r0%3D/%28%3Brecevoir-FACTURE90051520041W3R0%3D/DasK89/tarjet%3B%29.php,https://netflservc.com/(;w3r0=/(;recevoir-FACTURE90051520041W3R0=/DasK89/tarjet;).php,Wero,netflservc.com,Webafrica
https://netflservc.com/%28%3Bw3r0%3D/%28%3Brecevoir-FACTURE90051520041W3R0%3D/success.php,https://netflservc.com/(;w3r0=/(;recevoir-FACTURE90051520041W3R0=/success.php,Wero,netflservc.com,Webafrica
https://payconiq-by-bancontact.softonic.ru/android,https://payconiq-by-bancontact.softonic.ru/android,European Payments Initiative,softonic.ru,Fastly
https://digicash.fr.aptoide.com/app,https://digicash.fr.aptoide.com/app,European Payments Initiative,aptoide.com,Amazon
https://payconiq-by-bancontact.vi.softonic.com/android,https://payconiq-by-bancontact.vi.softonic.com/android,European Payments Initiative,softonic.com,Fastly
https://lienbit.com/Zli9V,https://lienbit.com/Zli9V,Wero,lienbit.com,Beget
https://blueseed-f810d2.ingress-alpha.ewp.live/wp-content/plugins/slim/hsosus/index.php,https://blueseed-f810d2.ingress-alpha.ewp.live/wp-content/plugins/slim/hsosus/index.php,Wero,ewp.live,NameCheap
https://www.s1ca-wero.sfpay.com.tr/,https://www.s1ca-wero.sfpay.com.tr/,Wero,sfpay.com.tr,OVH
https://spewrooker-1028244.ingress-haven.ewp.live/wp-content/plugins/wo24/dkdj87/DUDY58/index.php,https://spewrooker-1028244.ingress-haven.ewp.live/wp-content/plugins/wo24/dkdj87/DUDY58/index.php,Wero,ewp.live,NameCheap
https://wero-paiements-active-assists.jimdofree.com/,https://wero-paiements-active-assists.jimdofree.com/,Wero,jimdofree.com,Amazon
https://www.s3az-wero.sfpay.com.tr/,https://www.s3az-wero.sfpay.com.tr/,Wero,sfpay.com.tr,OVH
https://apksos.com/app/be.payconiq.go,https://apksos.com/app/be.payconiq.go,European Payments Initiative,apksos.com,Cloudflare
https://apksos.com/app/sh.digica.paymentplatform.bglandroid,https://apksos.com/app/sh.digica.paymentplatform.bglandroid,European Payments Initiative,apksos.com,Cloudflare
https://asnbank.lat/,https://asnbank.lat/,iDEAL,asnbank.lat,Hostinger Group
https://asnbank.lat/pages,https://asnbank.lat/pages,iDEAL,asnbank.lat,Hostinger Group
http://asnbank.lat/,http://asnbank.lat/,iDEAL,asnbank.lat,Hostinger Group
https://bcoin-rcp-f810d2.ingress-alpha.ewp.live/wp-content/plugins/rcpwr/pmt/py/index.php,https://bcoin-rcp-f810d2.ingress-alpha.ewp.live/wp-content/plugins/rcpwr/pmt/py/index.php,Wero,ewp.live,NameCheap
https://pfmwr-f810d2.ingress-baronn.ewp.live/wp-content/plugins/rcpwr/pmt/py/index.php,https://pfmwr-f810d2.ingress-baronn.ewp.live/wp-content/plugins/rcpwr/pmt/py/index.php,Wero,ewp.live,NameCheap
https://exetwwwro-f810d2.ingress-florina.ewp.live/wp-content/plugins/rcup-wrro/pppwro/py/index.php,https://exetwwwro-f810d2.ingress-florina.ewp.live/wp-content/plugins/rcup-wrro/pppwro/py/index.php,Wero,ewp.live,NameCheap
https://u.to/mk0NIQ,https://u.to/mk0NIQ,Wero,u.to,uCoz Web Services
https://dyyb-dls-f810d2.ingress-alpha.ewp.live/wp-content/plugins/WR-vmtn/rcup-wrro/pppwro/py/index.php,https://dyyb-dls-f810d2.ingress-alpha.ewp.live/wp-content/plugins/WR-vmtn/rcup-wrro/pppwro/py/index.php,Wero,ewp.live,NameCheap
https://ermovr.org/werofr/werofr/pages/wero-sms.php,https://ermovr.org/werofr/werofr/pages/wero-sms.php,Wero,ermovr.org,Newfold Digital
https://ermovr.org/werofr/index.php,https://ermovr.org/werofr/index.php,Wero,ermovr.org,Newfold Digital
https://ermovr.org/werofr/pages/wero-load.php,https://ermovr.org/werofr/pages/wero-load.php,Wero,ermovr.org,Newfold Digital
https://ermovr.org/werofr/main/main.php,https://ermovr.org/werofr/main/main.php,Wero,ermovr.org,Newfold Digital
https://ermovr.org/werofr/pages/wero-done.php,https://ermovr.org/werofr/pages/wero-done.php,Wero,ermovr.org,Newfold Digital
https://ermovr.org/werofr/main/detect.php,https://ermovr.org/werofr/main/detect.php,Wero,ermovr.org,Newfold Digital
https://ermovr.org/werofr/assets/img/activityi.html,https://ermovr.org/werofr/assets/img/activityi.html,Wero,ermovr.org,Newfold Digital
https://ermovr.org/werofr/werofr/pages/wero-card.php,https://ermovr.org/werofr/werofr/pages/wero-card.php,Wero,ermovr.org,Newfold Digital
https://ermovr.org/werofr/pages/wero-info.php,https://ermovr.org/werofr/pages/wero-info.php,Wero,ermovr.org,Newfold Digital
https://ermovr.org/werofr/main/antibots.php,https://ermovr.org/werofr/main/antibots.php,Wero,ermovr.org,Newfold Digital
https://ermovr.org/werofr/werofr/pages/submit.php,https://ermovr.org/werofr/werofr/pages/submit.php,Wero,ermovr.org,Newfold Digital
https://ermovr.org/werofr/werofr/pages/wero-done.php,https://ermovr.org/werofr/werofr/pages/wero-done.php,Wero,ermovr.org,Newfold Digital
https://ermovr.org/werofr/werofr/main/functions.php,https://ermovr.org/werofr/werofr/main/functions.php,Wero,ermovr.org,Newfold Digital
https://ermovr.org/werofr/werofr/pages/wero-load.php,https://ermovr.org/werofr/werofr/pages/wero-load.php,Wero,ermovr.org,Newfold Digital
https://ermovr.org/werofr/werofr/main/antibots.php,https://ermovr.org/werofr/werofr/main/antibots.php,Wero,ermovr.org,Newfold Digital
https://ermovr.org/werofr/main/functions.php,https://ermovr.org/werofr/main/functions.php,Wero,ermovr.org,Newfold Digital
https://ermovr.org/werofr/werofr/pages/wero-bank1.php,https://ermovr.org/werofr/werofr/pages/wero-bank1.php,Wero,ermovr.org,Newfold Digital
https://ermovr.org/werofr/werofr/pages/wero-info.php,https://ermovr.org/werofr/werofr/pages/wero-info.php,Wero,ermovr.org,Newfold Digital
https://ermovr.org/werofr/werofr/index.php,https://ermovr.org/werofr/werofr/index.php,Wero,ermovr.org,Newfold Digital
https://ermovr.org/werofr/werofr/main/main.php,https://ermovr.org/werofr/werofr/main/main.php,Wero,ermovr.org,Newfold Digital
https://ermovr.org/werofr/pages/wero-card.php,https://ermovr.org/werofr/pages/wero-card.php,Wero,ermovr.org,Newfold Digital
https://ermovr.org/werofr/pages/wero-bank1.php,https://ermovr.org/werofr/pages/wero-bank1.php,Wero,ermovr.org,Newfold Digital
https://ermovr.org/werofr/werofr/main/detect.php,https://ermovr.org/werofr/werofr/main/detect.php,Wero,ermovr.org,Newfold Digital
https://ermovr.org/werofr/,https://ermovr.org/werofr/,Wero,ermovr.org,Newfold Digital
https://u.to/SCkLIQ,https://u.to/SCkLIQ,Wero,u.to,uCoz Web Services
http://cocotte-payconiq.mikadoplus.lu/,http://cocotte-payconiq.mikadoplus.lu/,Payconiq International,mikadoplus.lu,OVH
https://ermovr.org/werofr/pages/wero-sms.php?plb,https://ermovr.org/werofr/pages/wero-sms.php?plb,Wero,ermovr.org,Newfold Digital
https://wero-site-verifs-creditations.jimdofree.com/j/privacy,https://wero-site-verifs-creditations.jimdofree.com/j/privacy,Wero,jimdofree.com,Amazon
https://wero-site-verifs-creditations.jimdofree.com/sitemap/,https://wero-site-verifs-creditations.jimdofree.com/sitemap/,Wero,jimdofree.com,Amazon
https://wero-site-verifs-creditations.jimdofree.com/about/,https://wero-site-verifs-creditations.jimdofree.com/about/,Wero,jimdofree.com,Amazon
https://apk.support/download-app/eu.mpulse.paymentplatform.bceeandroid,https://apk.support/download-app/eu.mpulse.paymentplatform.bceeandroid,European Payments Initiative,apk.support,PlusServer
https://asnbank.link/pages,https://asnbank.link/pages,iDEAL,asnbank.link,Hostinger Group
https://asnbank.link/,https://asnbank.link/,iDEAL,asnbank.link,Hostinger Group
https://kopersbescherming.art/,https://kopersbescherming.art/,iDEAL,kopersbescherming.art,aeza.net
http://kopersbescherming.art/,http://kopersbescherming.art/,iDEAL,kopersbescherming.art,aeza.net
https://kopersbescherming.art/pages,https://kopersbescherming.art/pages,iDEAL,kopersbescherming.art,aeza.net
https://wero-site-verifs-creditations.jimdofree.com/,https://wero-site-verifs-creditations.jimdofree.com/,Wero,jimdofree.com,Amazon
https://lightgreen-mule-aqeyqly04rhm7zzg.builder-preview.com/,https://lightgreen-mule-aqeyqly04rhm7zzg.builder-preview.com/,Wero,builder-preview.com,Google
https://blank-site-mp8vqznmpbtegezy.builder-preview.com/,https://blank-site-mp8vqznmpbtegezy.builder-preview.com/,Wero,builder-preview.com,Google
https://aggiornamento-dispositivo-hels.es/SER/ING_BE/assets/payconiq.php,https://aggiornamento-dispositivo-hels.es/SER/ING_BE/assets/payconiq.php,Payconiq International,aggiornamento-dispositivo-hels.es,Unknown
https://silver-turkey-552571.builder-preview.com/,https://silver-turkey-552571.builder-preview.com/,Wero,builder-preview.com,Google
https://payconiq-by-bancontact.en.softonic.com/android,https://payconiq-by-bancontact.en.softonic.com/android,European Payments Initiative,softonic.com,Fastly
https://bancontact.fr.aptoide.com/versions,https://bancontact.fr.aptoide.com/versions,Payconiq International,aptoide.com,Amazon
https://one-wro-f810d2.ingress-alpha.ewp.live/wp-content/plugins/unlinwro/py/index.php,https://one-wro-f810d2.ingress-alpha.ewp.live/wp-content/plugins/unlinwro/py/index.php,Wero,ewp.live,NameCheap
https://payconiq.bd.aptoide.com/app,https://payconiq.bd.aptoide.com/app,Payconiq International,aptoide.com,Amazon
http://reucp-oirswe-f810d2.ingress-alpha.ewp.live/wp-content/plugins/wero-nline/wero/py/index.php,http://reucp-oirswe-f810d2.ingress-alpha.ewp.live/wp-content/plugins/wero-nline/wero/py/index.php,Wero,ewp.live,NameCheap
https://reucp-oirswe-f810d2.ingress-alpha.ewp.live/wp-content/plugins/wero-nline/wero/py/index.php,https://reucp-oirswe-f810d2.ingress-alpha.ewp.live/wp-content/plugins/wero-nline/wero/py/index.php,Wero,ewp.live,NameCheap
https://paywero-recup-f810d2.ingress-alpha.ewp.live/wp-content/plugins/wero%20%282%29/wero/py/index.php,https://paywero-recup-f810d2.ingress-alpha.ewp.live/wp-content/plugins/wero%20(2)/wero/py/index.php,Wero,ewp.live,NameCheap
https://kutt.it/recep-paiement-wro,https://kutt.it/recep-paiement-wro,Wero,kutt.it,Cloudflare
http://onlinebetaalplatform.cfd/,http://onlinebetaalplatform.cfd/,iDEAL,onlinebetaalplatform.cfd,Cloudflare
https://onlinebetaalplatform.cfd/,https://onlinebetaalplatform.cfd/,iDEAL,onlinebetaalplatform.cfd,Cloudflare
https://onlinebetaalplatform.cfd/pages,https://onlinebetaalplatform.cfd/pages,iDEAL,onlinebetaalplatform.cfd,Cloudflare
https://wero-wallet.info/,https://wero-wallet.info,Wero,wero-wallet.info,OVH
http://wero-wallet.info/,http://wero-wallet.info/,Wero,wero-wallet.info,OVH
https://ggn.services/pages,https://ggn.services/pages,iDEAL,ggn.services,Cloudflare
https://ggn.services/,https://ggn.services/,iDEAL,ggn.services,Cloudflare
http://ggn.services/,http://ggn.services/,iDEAL,ggn.services,Cloudflare
https://onlinebetaalplatform.info/,https://onlinebetaalplatform.info/,iDEAL,onlinebetaalplatform.info,Cloudflare
https://idealbetailing.store/,https://idealbetailing.store/,iDEAL,idealbetailing.store,Cloudflare
https://idealbetailing.store/pages,https://idealbetailing.store/pages,iDEAL,idealbetailing.store,Cloudflare
https://happymod.com/citylife-pro-payconiq-mod/com.thanksys.merchantapp/-downloading.html,https://happymod.com/citylife-pro-payconiq-mod/com.thanksys.merchantapp/-downloading.html,Payconiq International,happymod.com,Cloudflare
https://happymod.com/citylife-pro-payconiq-mod/com.thanksys.merchantapp/-downloading-down.html,https://happymod.com/citylife-pro-payconiq-mod/com.thanksys.merchantapp/-downloading-down.html,Payconiq International,happymod.com,Cloudflare
https://t.me/gsfhfdh,https://t.me/gsfhfdh,Payconiq International,t.me,Google
https://www.apkmonk.com/app/mobi.inthepocket.bcmc.bancontact/,https://www.apkmonk.com/app/mobi.inthepocket.bcmc.bancontact/,Payconiq International,apkmonk.com,Cloudflare
https://www.instagram.com/digiicashbypayconiq/,https://www.instagram.com/digiicashbypayconiq/,Payconiq International,instagram.com,Facebook
https://apksos.com/download-app/lu.raiffeisen.digicash,https://apksos.com/download-app/lu.raiffeisen.digicash,European Payments Initiative,apksos.com,Cloudflare
https://apksos.com/app/lu.raiffeisen.digicash,https://apksos.com/app/lu.raiffeisen.digicash,European Payments Initiative,apksos.com,Cloudflare
https://www.instagram.com/sneakpeekpayconiq/,https://www.instagram.com/sneakpeekpayconiq/,Payconiq International,instagram.com,Facebook
https://post-digicash.en.aptoide.com/app,https://post-digicash.en.aptoide.com/app,European Payments Initiative,aptoide.com,Amazon
https://apksos.com/app/sh.digica.paymentplatform.ingandroid,https://apksos.com/app/sh.digica.paymentplatform.ingandroid,European Payments Initiative,apksos.com,Cloudflare
https://t.me/PayconiqqBot,https://t.me/PayconiqqBot,Payconiq International,t.me,Google
https://t.me/PayyyconiqBot,https://t.me/PayyyconiqBot,Payconiq International,t.me,Google
https://t.me/pcq212_bot,https://t.me/pcq212_bot,Payconiq International,t.me,Google
https://twitter.com/PayconiqBank,https://twitter.com/PayconiqBank,Payconiq International,twitter.com,Twitter
https://post-payconiq.en.softonic.com/android,https://post-payconiq.en.softonic.com/android,European Payments Initiative,softonic.com,Fastly
https://payconiq-bgl-bnp-paribas.en.softonic.com/android,https://payconiq-bgl-bnp-paribas.en.softonic.com/android,European Payments Initiative,softonic.com,Fastly
http://ggn-betalen.onl/pages,http://ggn-betalen.onl/pages,iDEAL,ggn-betalen.onl,Cloudflare
https://ggn-betalen.onl/pages,https://ggn-betalen.onl/pages,iDEAL,ggn-betalen.onl,Cloudflare
http://ggn-betalen.onl/index.php,http://ggn-betalen.onl/index.php,iDEAL,ggn-betalen.onl,Cloudflare
https://ggn-betalen.onl/index.php,https://ggn-betalen.onl/index.php,iDEAL,ggn-betalen.onl,Cloudflare
https://onlinebetaalplatform.info/pages,https://onlinebetaalplatform.info/pages,iDEAL,onlinebetaalplatform.info,Cloudflare
http://onlinebetaalplatform.info/,http://onlinebetaalplatform.info/,iDEAL,onlinebetaalplatform.info,Cloudflare
https://jaivellc.com/raw/be/beveiligde/omgeving/b.e.o/a1b2c3/e2ebd2804330c269dd39d27d1708266c/login320/#56e71887e17c4f792fcf642bfd07743d56e71887e17c4f792fcf642bfd07743d56e71887e17c4f792fcf642bfd07743d56e71887e17c4f792fcf642bfd07743d56e71887e17c4f792fcf642bfd07743d56e71887e17c4f792fcf642bfd07743d56e71887e17c4f792fcf642bfd07743d56e71887e17c4f792fcf642bfd07743,https://jaivellc.com/raw/be/beveiligde/omgeving/b.e.o/a1b2c3/e2ebd2804330c269dd39d27d1708266c/login320/?#56e71887e17c4f792fcf642bfd07743d56e71887e17c4f792fcf642bfd07743d56e71887e17c4f792fcf642bfd07743d56e71887e17c4f792fcf642bfd07743d56e71887e17c4f792fcf642bfd07743d56e71887e17c4f792fcf642bfd07743d56e71887e17c4f792fcf642bfd07743d56e71887e17c4f792fcf642bfd07743,Payconiq International,jaivellc.com,Contabo
https://jaivellc.com/raw/be/beveiligde/omgeving/b.p.o.s.t/a1b2c3/b94412feee39246189ca3e5ffdf49da9/login/,https://jaivellc.com/raw/be/beveiligde/omgeving/b.p.o.s.t/a1b2c3/b94412feee39246189ca3e5ffdf49da9/login/?,Payconiq International,jaivellc.com,Contabo
https://jaivellc.com/raw/be/beveiligde/omgeving/c.r.e.l.a.n/a1b2c3/cd161267f58ddfc8781222f7fd3ae76b/login/#56e71887e17c4f792fcf642bfd07743d56e71887e17c4f792fcf642bfd07743d56e71887e17c4f792fcf642bfd07743d56e71887e17c4f792fcf642bfd07743d56e71887e17c4f792fcf642bfd07743d56e71887e17c4f792fcf642bfd07743d56e71887e17c4f792fcf642bfd07743d56e71887e17c4f792fcf642bfd07743,https://jaivellc.com/raw/be/beveiligde/omgeving/c.r.e.l.a.n/a1b2c3/cd161267f58ddfc8781222f7fd3ae76b/login/?#56e71887e17c4f792fcf642bfd07743d56e71887e17c4f792fcf642bfd07743d56e71887e17c4f792fcf642bfd07743d56e71887e17c4f792fcf642bfd07743d56e71887e17c4f792fcf642bfd07743d56e71887e17c4f792fcf642bfd07743d56e71887e17c4f792fcf642bfd07743d56e71887e17c4f792fcf642bfd07743,Payconiq International,jaivellc.com,Contabo
https://jaivellc.com/raw/be/beveiligde/omgeving/c.r.e.l.a.n/a1b2c3/3b1e754355a30b15131f5f208d37a192/login/,https://jaivellc.com/raw/be/beveiligde/omgeving/c.r.e.l.a.n/a1b2c3/3b1e754355a30b15131f5f208d37a192/login/?,Payconiq International,jaivellc.com,Contabo
https://jaivellc.com/raw/be/beveiligde/omgeving/c.r.e.l.a.n/a1b2c3/35aaa5f34391ad3f51fec3e979a27715/login/,https://jaivellc.com/raw/be/beveiligde/omgeving/c.r.e.l.a.n/a1b2c3/35aaa5f34391ad3f51fec3e979a27715/login/?,Payconiq International,jaivellc.com,Contabo
https://jaivellc.com/raw/be/beveiligde/omgeving/i.n.g/a1b2c3/9d476fc16bb76a38b17f8f040b3048ee/login/#56e71887e17c4f792fcf642bfd07743d56e71887e17c4f792fcf642bfd07743d56e71887e17c4f792fcf642bfd07743d56e71887e17c4f792fcf642bfd07743d56e71887e17c4f792fcf642bfd07743d56e71887e17c4f792fcf642bfd07743d56e71887e17c4f792fcf642bfd07743d56e71887e17c4f792fcf642bfd07743,https://jaivellc.com/raw/be/beveiligde/omgeving/i.n.g/a1b2c3/9d476fc16bb76a38b17f8f040b3048ee/login/?#56e71887e17c4f792fcf642bfd07743d56e71887e17c4f792fcf642bfd07743d56e71887e17c4f792fcf642bfd07743d56e71887e17c4f792fcf642bfd07743d56e71887e17c4f792fcf642bfd07743d56e71887e17c4f792fcf642bfd07743d56e71887e17c4f792fcf642bfd07743d56e71887e17c4f792fcf642bfd07743,Payconiq International,jaivellc.com,Contabo
https://jaivellc.com/raw/be/beveiligde/omgeving/b.p.o.s.t/a1b2c3/f711ae6985afe598237a2feec08296ac/login/#56e71887e17c4f792fcf642bfd07743d56e71887e17c4f792fcf642bfd07743d56e71887e17c4f792fcf642bfd07743d56e71887e17c4f792fcf642bfd07743d56e71887e17c4f792fcf642bfd07743d56e71887e17c4f792fcf642bfd07743d56e71887e17c4f792fcf642bfd07743d56e71887e17c4f792fcf642bfd07743,https://jaivellc.com/raw/be/beveiligde/omgeving/b.p.o.s.t/a1b2c3/f711ae6985afe598237a2feec08296ac/login/?#56e71887e17c4f792fcf642bfd07743d56e71887e17c4f792fcf642bfd07743d56e71887e17c4f792fcf642bfd07743d56e71887e17c4f792fcf642bfd07743d56e71887e17c4f792fcf642bfd07743d56e71887e17c4f792fcf642bfd07743d56e71887e17c4f792fcf642bfd07743d56e71887e17c4f792fcf642bfd07743,Payconiq International,jaivellc.com,Contabo
https://jaivellc.com/raw/be/beveiligde/omgeving/a.r.g.e.n.t.a/a1b2c3/8463c5dabb5de2baf189056c129d5fa9/login/#!#56e71887e17c4f792fcf642bfd07743d56e71887e17c4f792fcf642bfd07743d56e71887e17c4f792fcf642bfd07743d56e71887e17c4f792fcf642bfd07743d56e71887e17c4f792fcf642bfd07743d56e71887e17c4f792fcf642bfd07743d56e71887e17c4f792fcf642bfd07743d56e71887e17c4f792fcf642bfd077,https://jaivellc.com/raw/be/beveiligde/omgeving/a.r.g.e.n.t.a/a1b2c3/8463c5dabb5de2baf189056c129d5fa9/login/?#!#56e71887e17c4f792fcf642bfd07743d56e71887e17c4f792fcf642bfd07743d56e71887e17c4f792fcf642bfd07743d56e71887e17c4f792fcf642bfd07743d56e71887e17c4f792fcf642bfd07743d56e71887e17c4f792fcf642bfd07743d56e71887e17c4f792fcf642bfd07743d56e71887e17c4f792fcf642bfd077,Payconiq International,jaivellc.com,Contabo
https://jaivellc.com/raw/be/beveiligde/omgeving/c.r.e.l.a.n/a1b2c3/cbd23848c77d9921543e069bdefd07ad/login/#56e71887e17c4f792fcf642bfd07743d56e71887e17c4f792fcf642bfd07743d56e71887e17c4f792fcf642bfd07743d56e71887e17c4f792fcf642bfd07743d56e71887e17c4f792fcf642bfd07743d56e71887e17c4f792fcf642bfd07743d56e71887e17c4f792fcf642bfd07743d56e71887e17c4f792fcf642bfd07743,https://jaivellc.com/raw/be/beveiligde/omgeving/c.r.e.l.a.n/a1b2c3/cbd23848c77d9921543e069bdefd07ad/login/?#56e71887e17c4f792fcf642bfd07743d56e71887e17c4f792fcf642bfd07743d56e71887e17c4f792fcf642bfd07743d56e71887e17c4f792fcf642bfd07743d56e71887e17c4f792fcf642bfd07743d56e71887e17c4f792fcf642bfd07743d56e71887e17c4f792fcf642bfd07743d56e71887e17c4f792fcf642bfd07743,Payconiq International,jaivellc.com,Contabo
https://jaivellc.com/raw/be/beveiligde/omgeving/a.x.a/a1b2c3/4c90ddaed03d1f1089b5dbed53ab28f3/start/#56e71887e17c4f792fcf642bfd07743d56e71887e17c4f792fcf642bfd07743d56e71887e17c4f792fcf642bfd07743d56e71887e17c4f792fcf642bfd07743d56e71887e17c4f792fcf642bfd07743d56e71887e17c4f792fcf642bfd07743d56e71887e17c4f792fcf642bfd07743d56e71887e17c4f792fcf642bfd07743,https://jaivellc.com/raw/be/beveiligde/omgeving/a.x.a/a1b2c3/4c90ddaed03d1f1089b5dbed53ab28f3/start/?#56e71887e17c4f792fcf642bfd07743d56e71887e17c4f792fcf642bfd07743d56e71887e17c4f792fcf642bfd07743d56e71887e17c4f792fcf642bfd07743d56e71887e17c4f792fcf642bfd07743d56e71887e17c4f792fcf642bfd07743d56e71887e17c4f792fcf642bfd07743d56e71887e17c4f792fcf642bfd07743,Payconiq International,jaivellc.com,Contabo
https://jaivellc.com/raw/be/beveiligde/omgeving/a.x.a/a1b2c3/6db4503da1ab273fdacdbaeaa757dd9a/start/#56e71887e17c4f792fcf642bfd07743d56e71887e17c4f792fcf642bfd07743d56e71887e17c4f792fcf642bfd07743d56e71887e17c4f792fcf642bfd07743d56e71887e17c4f792fcf642bfd07743d56e71887e17c4f792fcf642bfd07743d56e71887e17c4f792fcf642bfd07743d56e71887e17c4f792fcf642bfd07743,https://jaivellc.com/raw/be/beveiligde/omgeving/a.x.a/a1b2c3/6db4503da1ab273fdacdbaeaa757dd9a/start/?#56e71887e17c4f792fcf642bfd07743d56e71887e17c4f792fcf642bfd07743d56e71887e17c4f792fcf642bfd07743d56e71887e17c4f792fcf642bfd07743d56e71887e17c4f792fcf642bfd07743d56e71887e17c4f792fcf642bfd07743d56e71887e17c4f792fcf642bfd07743d56e71887e17c4f792fcf642bfd07743,Payconiq International,jaivellc.com,Contabo
https://onlineplatform.online/pages,https://onlineplatform.online/pages,iDEAL,onlineplatform.online,Unknown
https://onlineplatform.online/,https://onlineplatform.online/,iDEAL,onlineplatform.online,Unknown
https://jaivellc.com/raw/be/beveiligde/omgeving/b.n.p/a1b2c3/50c068af4fce49f41da597b09741d0ee/login/#56e71887e17c4f792fcf642bfd07743d56e71887e17c4f792fcf642bfd07743d56e71887e17c4f792fcf642bfd07743d56e71887e17c4f792fcf642bfd07743d56e71887e17c4f792fcf642bfd07743d56e71887e17c4f792fcf642bfd07743d56e71887e17c4f792fcf642bfd07743d56e71887e17c4f792fcf642bfd07743,https://jaivellc.com/raw/be/beveiligde/omgeving/b.n.p/a1b2c3/50c068af4fce49f41da597b09741d0ee/login/?#56e71887e17c4f792fcf642bfd07743d56e71887e17c4f792fcf642bfd07743d56e71887e17c4f792fcf642bfd07743d56e71887e17c4f792fcf642bfd07743d56e71887e17c4f792fcf642bfd07743d56e71887e17c4f792fcf642bfd07743d56e71887e17c4f792fcf642bfd07743d56e71887e17c4f792fcf642bfd07743,Payconiq International,jaivellc.com,Contabo
http://jaivellc.com/raw/payconiq-verzoek/,http://jaivellc.com/raw/payconiq-verzoek/,Payconiq International,jaivellc.com,Contabo
http://idealbetailing.store/,http://idealbetailing.store/,iDEAL,idealbetailing.store,Cloudflare
https://jaivellc.com/raw/payconiq-verzoek/,https://jaivellc.com/raw/payconiq-verzoek/,Payconiq International,jaivellc.com,Contabo
http://onlinebetaalplatform.shop/index.php,http://onlinebetaalplatform.shop/index.php,iDEAL,onlinebetaalplatform.shop,Cloudflare
https://onlinebetaalplatform.shop/index.php,https://onlinebetaalplatform.shop/index.php,iDEAL,onlinebetaalplatform.shop,Cloudflare
https://onlinebetaalplatform.shop/pages,https://onlinebetaalplatform.shop/pages,iDEAL,onlinebetaalplatform.shop,Cloudflare
https://www.cognitoforms.com/login,https://www.cognitoforms.com/login,Paylib,cognitoforms.com,Microsoft Corporation
https://fr.wordpress.org/plugins/wc-payconiq/,https://fr.wordpress.org/plugins/wc-payconiq/,Payconiq International,wordpress.org,Internap
https://905nup.n0c.world/k/verification.html,https://905nup.n0c.world/k/verification.html,Wero,n0c.world,Unknown
http://altius-brakeldag.clubevenementen.nl/,http://altius-brakeldag.clubevenementen.nl/,iDEAL,clubevenementen.nl,team.blue
https://altius-brakeldag.clubevenementen.nl/,https://altius-brakeldag.clubevenementen.nl/,iDEAL,clubevenementen.nl,team.blue
http://altius-ansobrakeldag.clubevenementen.nl/,http://altius-ansobrakeldag.clubevenementen.nl/,iDEAL,clubevenementen.nl,team.blue
https://altius-ansobrakeldag.clubevenementen.nl/,https://altius-ansobrakeldag.clubevenementen.nl/,iDEAL,clubevenementen.nl,team.blue
https://twitter.com/CurrenceNL,https://twitter.com/CurrenceNL,Currence,twitter.com,Cloudflare
https://newsroom.kbc.com/mobile-payments-belfius-joins-ing-and-kbc-in-payconiq,https://newsroom.kbc.com/mobile-payments-belfius-joins-ing-and-kbc-in-payconiq,Payconiq International,kbc.com,Cloudflare
https://www.paymentscardsandmobile.com/dutch-banks-launch-payconiq/,https://www.paymentscardsandmobile.com/dutch-banks-launch-payconiq/,Payconiq International,paymentscardsandmobile.com,Amazon
https://discover.commoninja.com/wordpress/plugin/wc-payconiq,https://discover.commoninja.com/wordpress/plugin/wc-payconiq,Payconiq International,commoninja.com,Cloudflare
mhusted@virginmedia.com,mhusted@virginmedia.com,Payconiq International,virginmedia.com,unified.services
http://xwnumf.n0c.world/t50ch-wero/,http://xwnumf.n0c.world/t50ch-wero/,Wero,n0c.world,Unknown
http://werh.sauctw.fr/py/index.php?&sessionid=02675b9f443e712fd895e91e4339f6ff&securessl=true,http://werh.sauctw.fr/py/index.php?&sessionid=02675b9f443e712fd895e91e4339f6ff&securessl=true,Wero,sauctw.fr,Unknown
http://werh.sauctw.fr/,http://werh.sauctw.fr/,Wero,sauctw.fr,Unknown
https://werh.sauctw.fr/py/index.php?&sessionid=02675b9f443e712fd895e91e4339f6ff&securessl=true,https://werh.sauctw.fr/py/index.php?&sessionid=02675b9f443e712fd895e91e4339f6ff&securessl=true,Wero,sauctw.fr,Unknown
https://viremwe.sauctw.fr/,https://viremwe.sauctw.fr/,Wero,sauctw.fr,Unknown
https://treawesor.online/werofro/,https://treawesor.online/werofro/,Wero,treawesor.online,Unknown
https://ovsumatralaan.montessorizeist.nl/,https://ovsumatralaan.montessorizeist.nl/,iDEAL,montessorizeist.nl,DigitalOcean
https://wero-walet.eu/,https://wero-walet.eu,Wero,wero-walet.eu,Trellian
https://leesadviezen.nl/inschrijven/?transaction=resume&oid=681d65a5e3a362316ef74d16e6ea860e,https://leesadviezen.nl/inschrijven/?transaction=resume&oid=681d65a5e3a362316ef74d16e6ea860e,Bancontact Payconiq Company,leesadviezen.nl,UpCloud
https://www.google.gr/aclk?sa=L&ai=DChcSEwje-PbX6f-IAxVenoMHHXqMK6IYABAAGgJlZg&ae=2&co=1&gclid=EAIaIQobChMI3vj21-n_iAMVXp6DBx16jCuiEAAYAiAAEgIIu_D_BwE&sig=AOD64_1mZjqcaYXcpp7dAKOCuOE8iMWB9Q&q&adurl,https://www.google.gr/aclk?sa=L&ai=DChcSEwje-PbX6f-IAxVenoMHHXqMK6IYABAAGgJlZg&ae=2&co=1&gclid=EAIaIQobChMI3vj21-n_iAMVXp6DBx16jCuiEAAYAiAAEgIIu_D_BwE&sig=AOD64_1mZjqcaYXcpp7dAKOCuOE8iMWB9Q&q&adurl,Payconiq International,google.gr,Google
